id,name,price,age,line,station_name,minutes,layout,area,address,url,lat,lon
20005198,グランドメゾン大濠公園THE CLASS,12000,2,地下鉄空港線,大濠公園,4,2LDK,60.35,福岡県福岡市中央区荒戸２,https://suumo.jp//ms/chuko/fukuoka/sc_fukuokashichuo/nc_20005198/,,
20010345,赤坂エクセル,3399,52,地下鉄七隈線,桜坂,13,2LDK,79.5,福岡県福岡市中央区赤坂３,https://suumo.jp//ms/chuko/fukuoka/sc_fukuokashichuo/nc_20010345/,,
20014031,ＭＪＲ博多ザ・レジデンス,8100,1,ＪＲ鹿児島本線,博多,13,3LDK,70.49,福岡県福岡市博多区美野島１,https://suumo.jp//ms/chuko/fukuoka/sc_fukuokashihakata/nc_20014031/,,
20024543,グランドメゾン福岡The Central Luxe,6780,1,西鉄天神大牟田線,薬院,2,1LDK,44.25,福岡県福岡市中央区渡辺通２-7-11,https://suumo.jp//ms/chuko/fukuoka/sc_fukuokashichuo/nc_20024543/,,
20031460,サーパス桜坂,4900,26,地下鉄七隈線,桜坂,5,3LDK,71.63,福岡県福岡市中央区桜坂３,https://suumo.jp//ms/chuko/fukuoka/sc_fukuokashichuo/nc_20031460/,,
20032764,CLUB THE.大濠二丁目,12780,7,地下鉄空港線,唐人町,7,2LDK,91.07,福岡県福岡市中央区大濠２,https://suumo.jp//ms/chuko/fukuoka/sc_fukuokashichuo/nc_20032764/,,
20033456,リファレンス天神南,4299,24,地下鉄七隈線,渡辺通,13,3LDK,65.32,福岡県福岡市中央区清川２,https://suumo.jp//ms/chuko/fukuoka/sc_fukuokashichuo/nc_20033456/,,
20040622,エクセレンス谷,2490,47,地下鉄七隈線,六本松,6,2LDK,57.23,福岡県福岡市中央区谷１,https://suumo.jp//ms/chuko/fukuoka/sc_fukuokashichuo/nc_20040622/,,
20043788,グランドメゾン西新テラス,10780,12,地下鉄空港線,西新,7,3LDK,96.41,福岡県福岡市早良区城西１,https://suumo.jp//ms/chuko/fukuoka/sc_fukuokashisawara/nc_20043788/,,
20044338,藤和城西コープ,1998,52,地下鉄七隈線,別府,8,2LDK,52.82,福岡県福岡市城南区別府４,https://suumo.jp//ms/chuko/fukuoka/sc_fukuokashijonan/nc_20044338/,,
20045528,103大稲マンション,2080,51,地下鉄七隈線,薬院大通,1,2LDK,55.62,福岡県福岡市中央区薬院２-4-5,https://suumo.jp//ms/chuko/fukuoka/sc_fukuokashichuo/nc_20045528/,,
20045615,日商岩井新福陵マンション２号棟,1498,48,地下鉄空港線,藤崎,14,4LDK,83.19,福岡県福岡市早良区荒江３,https://suumo.jp//ms/chuko/fukuoka/sc_fukuokashisawara/nc_20045615/,,
20052456,103大稲マンション,2080,51,地下鉄七隈線,薬院大通,1,2LDK,55.68,福岡県福岡市中央区薬院２-4-5,https://suumo.jp//ms/chuko/fukuoka/sc_fukuokashichuo/nc_20052456/,,
20052926,西公園ツインタワー,4580,36,地下鉄空港線,大濠公園,7,3LDK,83.05,福岡県福岡市中央区荒戸２,https://suumo.jp//ms/chuko/fukuoka/sc_fukuokashichuo/nc_20052926/,,
20052927,エクセレンス谷,2490,47,地下鉄七隈線,桜坂,6,2LDK,57.23,福岡県福岡市中央区谷１,https://suumo.jp//ms/chuko/fukuoka/sc_fukuokashichuo/nc_20052927/,,
20059581,コアマンション桜坂プレジオ弐番館,7890,25,地下鉄七隈線,桜坂,4,3LDK+S（納戸）,103.4,福岡県福岡市中央区六本松３,https://suumo.jp//ms/chuko/fukuoka/sc_fukuokashichuo/nc_20059581/,,
20062724,サンライフ六本松,3980,42,地下鉄七隈線,六本松,2,1LDK+S（納戸）,60.02,福岡県福岡市中央区草香江２,https://suumo.jp//ms/chuko/fukuoka/sc_fukuokashichuo/nc_20062724/,,
20066553,ツインタワー空港通り,3399,32,地下鉄空港線,東比恵,12,3LDK,71.7,福岡県福岡市博多区豊１,https://suumo.jp//ms/chuko/fukuoka/sc_fukuokashihakata/nc_20066553/,,
20069784,グランドメゾン福岡　Ｔｈｅ　Ｃｅｎｔｒａｌ　Ｌｕｘｅ,6900,1,西鉄天神大牟田線,薬院,3,1LDK,44.25,福岡県福岡市中央区渡辺通２,https://suumo.jp//ms/chuko/fukuoka/sc_fukuokashichuo/nc_20069784/,,
20069809,エトワール博多,870,49,地下鉄空港線,博多,5,ワンルーム,27.72,福岡県福岡市博多区博多駅前１,https://suumo.jp//ms/chuko/fukuoka/sc_fukuokashihakata/nc_20069809/,,
20082171,モントーレ東比恵クレア,4199,7,地下鉄空港線,東比恵,2,1LDK,42.77,福岡県福岡市博多区東比恵３-19-10,https://suumo.jp//ms/chuko/fukuoka/sc_fukuokashihakata/nc_20082171/,,
20084916,ライオンズマンション西新,2780,44,地下鉄空港線,藤崎,5,2DK,45.97,福岡県福岡市早良区西新７,https://suumo.jp//ms/chuko/fukuoka/sc_fukuokashisawara/nc_20084916/,,
20091079,グランドメゾン赤坂けやきレジデンス,7580,8,地下鉄空港線,赤坂,8,ワンルーム,63.59,福岡県福岡市中央区赤坂２,https://suumo.jp//ms/chuko/fukuoka/sc_fukuokashichuo/nc_20091079/,,
20091541,コアマンション桜坂プレジオ弐番館,7980,25,地下鉄七隈線,桜坂,4,3LDK+S（納戸）,103.4,福岡県福岡市中央区六本松３,https://suumo.jp//ms/chuko/fukuoka/sc_fukuokashichuo/nc_20091541/,,
20097897,【ロワールマンション博多駅南】博多駅徒歩圏！最新リノ…,3390,41,ＪＲ鹿児島本線,博多,15,3LDK,69.51,福岡県福岡市博多区博多駅南３,https://suumo.jp//ms/chuko/fukuoka/sc_fukuokashihakata/nc_20097897/,,
20098723,グリーンハイツ赤坂,2998,52,地下鉄七隈線,六本松,11,2LDK,72.57,福岡県福岡市中央区赤坂２-６番２３号,https://suumo.jp//ms/chuko/fukuoka/sc_fukuokashichuo/nc_20098723/,,
20102772,グランドメゾン福岡The Central Luxe,11000,1,西鉄天神大牟田線,薬院,3,1LDK,51.35,福岡県福岡市中央区渡辺通２-7-28,https://suumo.jp//ms/chuko/fukuoka/sc_fukuokashichuo/nc_20102772/,,
20105424,ネオハイツ南公園,2790,38,地下鉄七隈線,桜坂,8,3LDK,77.9,福岡県福岡市中央区谷２,https://suumo.jp//ms/chuko/fukuoka/sc_fukuokashichuo/nc_20105424/,,
20109674,クリオラベルヴィ呉服町,3199,8,地下鉄空港線,中洲川端,12,1LDK,34.4,福岡県福岡市博多区下呉服町,https://suumo.jp//ms/chuko/fukuoka/sc_fukuokashihakata/nc_20109674/,,
20117698,グランドメゾン大濠南,10990,25,地下鉄七隈線,六本松,3,3LDK+S（納戸）,98.79,福岡県福岡市中央区草香江２,https://suumo.jp//ms/chuko/fukuoka/sc_fukuokashichuo/nc_20117698/,,
20120211,【秀和警固レジデンス】天神を日常にする好立地。青い屋…,3080,52,地下鉄空港線,赤坂,8,2LDK,69.43,福岡県福岡市中央区警固２,https://suumo.jp//ms/chuko/fukuoka/sc_fukuokashichuo/nc_20120211/,,
20126844,パークハウス大濠,11880,28,地下鉄空港線,唐人町,12,3LDK,107.28,福岡県福岡市中央区大濠１,https://suumo.jp//ms/chuko/fukuoka/sc_fukuokashichuo/nc_20126844/,,
20127824,ロイヤルマンション六本松,6500,37,地下鉄七隈線,六本松,6,2LDK,87.12,福岡県福岡市中央区梅光園１,https://suumo.jp//ms/chuko/fukuoka/sc_fukuokashichuo/nc_20127824/,,
20128719,グランドメゾン福岡　The Central Luxe,9200,1,西鉄天神大牟田線,薬院,2,1LDK,63.29,福岡県福岡市中央区渡辺通２-７－２８,https://suumo.jp//ms/chuko/fukuoka/sc_fukuokashichuo/nc_20128719/,,
20130351,GSハイム博多,2529,46,地下鉄空港線,東比恵,5,3DK,66.15,福岡県福岡市博多区博多駅東２-13-21,https://suumo.jp//ms/chuko/fukuoka/sc_fukuokashihakata/nc_20130351/,,
20131070,百道タワー,8980,22,地下鉄空港線,西新,10,1LDK,90.28,福岡県福岡市早良区百道浜１,https://suumo.jp//ms/chuko/fukuoka/sc_fukuokashisawara/nc_20131070/,,
20133049,三井薬院ハイツ,10880,44,地下鉄七隈線,薬院大通,6,8LDK,172.94,福岡県福岡市中央区薬院２,https://suumo.jp//ms/chuko/fukuoka/sc_fukuokashichuo/nc_20133049/,,
20148823,パークホームズ警固本通り,7770,17,地下鉄空港線,赤坂,9,3LDK,82.96,福岡県福岡市中央区警固２-16-30,https://suumo.jp//ms/chuko/fukuoka/sc_fukuokashichuo/nc_20148823/,,
20152977,ダイナコートエスパシオ舞鶴,4280,30,地下鉄空港線,赤坂,6,2LDK,52.92,福岡県福岡市中央区舞鶴２,https://suumo.jp//ms/chuko/fukuoka/sc_fukuokashichuo/nc_20152977/,,
20152980,グランフォーレラグゼ博多駅南,2899,10,地下鉄空港線,東比恵,15,1LDK,33.41,福岡県福岡市博多区博多駅南４,https://suumo.jp//ms/chuko/fukuoka/sc_fukuokashihakata/nc_20152980/,,
20155224,アルファライフ博多,4599,15,地下鉄七隈線,博多,13,1LDK,53.04,福岡県福岡市博多区住吉５,https://suumo.jp//ms/chuko/fukuoka/sc_fukuokashihakata/nc_20155224/,,
20156687,【エンクレストベイサイド通】最上階×リフォーム済！海…,4499,10,地下鉄空港線,中洲川端,14,1LDK+S（納戸）,54.65,福岡県福岡市博多区築港本町,https://suumo.jp//ms/chuko/fukuoka/sc_fukuokashihakata/nc_20156687/,,
20160990,Ｂｒｉｌｌｉａ平尾浄水,9588,17,地下鉄七隈線,薬院大通,12,3LDK,108.17,福岡県福岡市中央区平尾浄水町,https://suumo.jp//ms/chuko/fukuoka/sc_fukuokashichuo/nc_20160990/,,
20161225,藤和コープ・サンウェルス,2080,46,地下鉄空港線,赤坂,8,1LDK,66.0,福岡県福岡市中央区警固２,https://suumo.jp//ms/chuko/fukuoka/sc_fukuokashichuo/nc_20161225/,,
20171965,サントーア薬院,5280,31,地下鉄七隈線,薬院大通,5,2LDK,73.35,福岡県福岡市中央区薬院２,https://suumo.jp//ms/chuko/fukuoka/sc_fukuokashichuo/nc_20171965/,,
20177504,サントーア薬院,5480,31,地下鉄七隈線,薬院大通,5,2LDK,73.35,福岡県福岡市中央区薬院２,https://suumo.jp//ms/chuko/fukuoka/sc_fukuokashichuo/nc_20177504/,,
20178485,【ロマネスク大濠アネックス】大濠公園徒歩8分！16帖…,2999,39,地下鉄空港線,唐人町,14,2LDK,59.65,福岡県福岡市中央区鳥飼２,https://suumo.jp//ms/chuko/fukuoka/sc_fukuokashichuo/nc_20178485/,,
20178579,【サンシティ鳥飼】鳥飼小学校1分・内装リノベ済！アフ…,3799,32,地下鉄七隈線,別府,11,3LDK,68.48,福岡県福岡市城南区鳥飼４,https://suumo.jp//ms/chuko/fukuoka/sc_fukuokashijonan/nc_20178579/,,
20179644,グランドメゾン大濠公園ＴＨＥ　ＴＯＷＥＲ,11500,3,地下鉄空港線,唐人町,2,3LDK,70.67,福岡県福岡市中央区唐人町１,https://suumo.jp//ms/chuko/fukuoka/sc_fukuokashichuo/nc_20179644/,,
20186273,薬院パークホームズ,2700,45,地下鉄七隈線,薬院大通,7,4LDK,82.59,福岡県福岡市中央区薬院２-11-28,https://suumo.jp//ms/chuko/fukuoka/sc_fukuokashichuo/nc_20186273/,,
20187670,藤崎ロジュマン,4380,38,地下鉄空港線,藤崎,13,4LDK,82.76,福岡県福岡市早良区昭代３,https://suumo.jp//ms/chuko/fukuoka/sc_fukuokashisawara/nc_20187670/,,
20199429,オリエントハイツ別府,4790,36,地下鉄七隈線,別府,1,3LDK,84.0,福岡県福岡市城南区別府１,https://suumo.jp//ms/chuko/fukuoka/sc_fukuokashijonan/nc_20199429/,,
20201400,赤坂エクセル,3449,52,地下鉄空港線,赤坂,13,2LDK,79.5,福岡県福岡市中央区赤坂３,https://suumo.jp//ms/chuko/fukuoka/sc_fukuokashichuo/nc_20201400/,,
20204209,コモダス天神,5199,29,地下鉄七隈線,薬院大通,8,3LDK,66.78,福岡県福岡市中央区今泉２,https://suumo.jp//ms/chuko/fukuoka/sc_fukuokashichuo/nc_20204209/,,
20209727,東急ドエルアルス天神,2350,43,地下鉄七隈線,天神南,1,1K,36.62,福岡県福岡市中央区渡辺通５,https://suumo.jp//ms/chuko/fukuoka/sc_fukuokashichuo/nc_20209727/,,
20214629,プレミスト天神赤坂タワー,16300,7,地下鉄空港線,赤坂,3,1LDK,62.77,福岡県福岡市中央区大名２-10-8,https://suumo.jp//ms/chuko/fukuoka/sc_fukuokashichuo/nc_20214629/,,
20217576,ゾンネンハイム大手門,2527,53,地下鉄空港線,大濠公園,7,1LDK,66.0,福岡県福岡市中央区大手門２,https://suumo.jp//ms/chuko/fukuoka/sc_fukuokashichuo/nc_20217576/,,
20225032,ダイアパレス平尾２,2950,43,西鉄天神大牟田線,薬院,11,2LDK,64.1,福岡県福岡市中央区大宮２,https://suumo.jp//ms/chuko/fukuoka/sc_fukuokashichuo/nc_20225032/,,
20230046,アーティックス大濠,5598,22,地下鉄七隈線,六本松,11,2LDK,71.43,福岡県福岡市中央区鳥飼１,https://suumo.jp//ms/chuko/fukuoka/sc_fukuokashichuo/nc_20230046/,,
20230915,シティマンション輝国,950,42,地下鉄七隈線,六本松,15,3DK,55.43,福岡県福岡市中央区輝国２,https://suumo.jp//ms/chuko/fukuoka/sc_fukuokashichuo/nc_20230915/,,
20236085,ロワールマンション大濠Ⅱ,4430,40,地下鉄空港線,大濠公園,3,2LDK,67.29,福岡県福岡市中央区荒戸２,https://suumo.jp//ms/chuko/fukuoka/sc_fukuokashichuo/nc_20236085/,,
20237744,パークホームズ大濠二丁目,21000,9,地下鉄空港線,唐人町,4,2LDK,101.47,福岡県福岡市中央区大濠２,https://suumo.jp//ms/chuko/fukuoka/sc_fukuokashichuo/nc_20237744/,,
20237745,ＭＪＲ赤坂タワー,7480,9,地下鉄空港線,赤坂,1,2LDK,55.38,福岡県福岡市中央区赤坂１,https://suumo.jp//ms/chuko/fukuoka/sc_fukuokashichuo/nc_20237745/,,
20237747,ＣＬＵＢ　ＴＨＥ．薬院ステーションタワー,46000,6,地下鉄七隈線,薬院,2,2LDK+S（納戸）,138.16,福岡県福岡市中央区白金１,https://suumo.jp//ms/chuko/fukuoka/sc_fukuokashichuo/nc_20237747/,,
20239975,エンクレスト天神南Ⅲ,2549,21,地下鉄七隈線,渡辺通,13,1LDK,37.86,福岡県福岡市中央区清川３-2-9,https://suumo.jp//ms/chuko/fukuoka/sc_fukuokashichuo/nc_20239975/,,
20241317,ロイヤルマンション別府六,3290,32,地下鉄七隈線,別府,6,3LDK,82.27,福岡県福岡市城南区別府６,https://suumo.jp//ms/chuko/fukuoka/sc_fukuokashijonan/nc_20241317/,,
20245114,フリーディア西新レジデンス,8180,2,地下鉄空港線,藤崎,5,1LDK,72.93,福岡県福岡市早良区西新７,https://suumo.jp//ms/chuko/fukuoka/sc_fukuokashisawara/nc_20245114/,,
20245678,輝国住宅1号棟,2180,52,地下鉄七隈線,六本松,14,3LDK,64.42,福岡県福岡市中央区輝国２,https://suumo.jp//ms/chuko/fukuoka/sc_fukuokashichuo/nc_20245678/,,
20247920,ユーハイム大濠西,2605,41,地下鉄空港線,唐人町,1,1LDK,48.09,福岡県福岡市中央区黒門6-40,https://suumo.jp//ms/chuko/fukuoka/sc_fukuokashichuo/nc_20247920/,,
20250868,ライオンズマンション天神南,1380,34,地下鉄七隈線,薬院大通,10,ワンルーム,21.0,福岡県福岡市中央区今泉２-1-32,https://suumo.jp//ms/chuko/fukuoka/sc_fukuokashichuo/nc_20250868/,,
20255236,西新ビル,1850,54,地下鉄空港線,西新,5,2LDK,60.8,福岡県福岡市早良区高取１,https://suumo.jp//ms/chuko/fukuoka/sc_fukuokashisawara/nc_20255236/,,
20268504,大濠公園グランドヒルズ,6980,36,地下鉄空港線,大濠公園,4,2LDK+S（納戸）,79.08,福岡県福岡市中央区荒戸２-3-49,https://suumo.jp//ms/chuko/fukuoka/sc_fukuokashichuo/nc_20268504/,,
20272288,アダージュ薬院弐番館,4890,23,地下鉄七隈線,薬院大通,3,2LDK,65.11,福岡県福岡市中央区薬院２,https://suumo.jp//ms/chuko/fukuoka/sc_fukuokashichuo/nc_20272288/,,
20272676,ライオンズマンション大名,2972,44,地下鉄空港線,赤坂,8,3DK,56.72,福岡県福岡市中央区大名１-2-20,https://suumo.jp//ms/chuko/fukuoka/sc_fukuokashichuo/nc_20272676/,,
20277705,ソレイユ赤坂南,4680,37,地下鉄七隈線,六本松,9,3LDK,75.03,福岡県福岡市中央区六本松３,https://suumo.jp//ms/chuko/fukuoka/sc_fukuokashichuo/nc_20277705/,,
20282820,デュレジア薬院スタンス【築浅、地下鉄、電車ダブルアク…,9990,3,地下鉄七隈線,薬院大通,5,2LDK+S（納戸）,70.33,福岡県福岡市中央区薬院３,https://suumo.jp//ms/chuko/fukuoka/sc_fukuokashichuo/nc_20282820/,,
20292711,コスモ西新七丁目　【担当：中見】　までお気軽にお問合…,5980,26,地下鉄空港線,藤崎,4,2LDK+S（納戸）,70.01,福岡県福岡市早良区西新７-1-17,https://suumo.jp//ms/chuko/fukuoka/sc_fukuokashisawara/nc_20292711/,,
20293641,シティマンション輝国,1430,42,地下鉄七隈線,六本松,15,3DK,55.06,福岡県福岡市中央区輝国２,https://suumo.jp//ms/chuko/fukuoka/sc_fukuokashichuo/nc_20293641/,,
20294623,ラフィネスシャトードゥ赤坂,3599,24,地下鉄空港線,赤坂,7,1LDK,32.81,福岡県福岡市中央区大手門１,https://suumo.jp//ms/chuko/fukuoka/sc_fukuokashichuo/nc_20294623/,,
20298722,ビレッタ百道,1690,51,地下鉄空港線,藤崎,12,2LDK,55.39,福岡県福岡市早良区百道１,https://suumo.jp//ms/chuko/fukuoka/sc_fukuokashisawara/nc_20298722/,,
20301505,パークハイツ桜坂,1820,49,地下鉄七隈線,桜坂,3,ワンルーム,67.2,福岡県福岡市中央区桜坂３,https://suumo.jp//ms/chuko/fukuoka/sc_fukuokashichuo/nc_20301505/,,
20310107,プレイスポットしんばしビル本館,2249,51,地下鉄七隈線,櫛田神社前,2,1DK,40.63,福岡県福岡市博多区中洲２,https://suumo.jp//ms/chuko/fukuoka/sc_fukuokashihakata/nc_20310107/,,
20310563,シティマンション薬院Ⅱ,2690,41,西鉄天神大牟田線,薬院,5,2LDK,48.8,福岡県福岡市中央区大宮１,https://suumo.jp//ms/chuko/fukuoka/sc_fukuokashichuo/nc_20310563/,,
20312519,グランドパレス浄水通り,12850,9,地下鉄七隈線,薬院大通,8,2LDK+S（納戸）,101.74,福岡県福岡市中央区薬院４-15-10,https://suumo.jp//ms/chuko/fukuoka/sc_fukuokashichuo/nc_20312519/,,
20325130,ロマネスク渡辺通第2,1699,37,西鉄天神大牟田線,薬院,13,1LDK,33.29,福岡県福岡市中央区高砂２,https://suumo.jp//ms/chuko/fukuoka/sc_fukuokashichuo/nc_20325130/,,
20332513,朝日プラザ桜坂　中古マンション,2780,40,地下鉄七隈線,桜坂,6,3LDK,62.34,福岡県福岡市中央区谷１,https://suumo.jp//ms/chuko/fukuoka/sc_fukuokashichuo/nc_20332513/,,
20337474,GSハイム博多,2544,46,地下鉄空港線,東比恵,7,4DK,66.15,福岡県福岡市博多区博多駅東２,https://suumo.jp//ms/chuko/fukuoka/sc_fukuokashihakata/nc_20337474/,,
20354638,ライオンズマンション南薬院,2380,43,西鉄天神大牟田線,薬院,5,1LDK,47.79,福岡県福岡市中央区薬院３,https://suumo.jp//ms/chuko/fukuoka/sc_fukuokashichuo/nc_20354638/,,
20355646,第7プリンスマンション,2740,48,地下鉄七隈線,渡辺通,10,3LDK,74.01,福岡県福岡市中央区高砂１-15-32,https://suumo.jp//ms/chuko/fukuoka/sc_fukuokashichuo/nc_20355646/,,
20367370,第2住吉ハイツ,1680,47,地下鉄七隈線,渡辺通,10,1LDK,55.55,福岡県福岡市博多区住吉３,https://suumo.jp//ms/chuko/fukuoka/sc_fukuokashihakata/nc_20367370/,,
20367604,Brillia平尾浄水,11800,17,地下鉄七隈線,薬院大通,12,3LDK,114.43,福岡県福岡市中央区平尾浄水町,https://suumo.jp//ms/chuko/fukuoka/sc_fukuokashichuo/nc_20367604/,,
20367967,パークハイツ平尾山荘　21棟,2490,45,地下鉄七隈線,薬院大通,15,3LDK,79.44,福岡県福岡市中央区平尾５,https://suumo.jp//ms/chuko/fukuoka/sc_fukuokashichuo/nc_20367967/,,
20370112,MJR博多ザ・レジデンス,7900,1,ＪＲ鹿児島本線,博多,13,2LDK,70.1,福岡県福岡市博多区美野島１,https://suumo.jp//ms/chuko/fukuoka/sc_fukuokashihakata/nc_20370112/,,
20370839,大名サンハイツ,2820,45,地下鉄空港線,赤坂,6,3LDK,62.32,福岡県福岡市中央区大名１-11-5,https://suumo.jp//ms/chuko/fukuoka/sc_fukuokashichuo/nc_20370839/,,
20371760,サンシティ鳥飼,3799,32,地下鉄七隈線,別府,11,3LDK,64.48,福岡県福岡市城南区鳥飼４-9-3,https://suumo.jp//ms/chuko/fukuoka/sc_fukuokashijonan/nc_20371760/,,
20372579,チサンマンション祇園,3180,46,地下鉄空港線,祇園,4,2LDK,52.98,福岡県福岡市博多区祇園町,https://suumo.jp//ms/chuko/fukuoka/sc_fukuokashihakata/nc_20372579/,,
20382669,オープンレジデンシア薬院白金,3498,3,西鉄天神大牟田線,薬院,8,1LDK,33.92,福岡県福岡市中央区白金２,https://suumo.jp//ms/chuko/fukuoka/sc_fukuokashichuo/nc_20382669/,,
20384520,シャンボール大名A棟,3490,45,地下鉄七隈線,薬院大通,7,3DK,61.08,福岡県福岡市中央区大名２,https://suumo.jp//ms/chuko/fukuoka/sc_fukuokashichuo/nc_20384520/,,
20387762,パーク・エステート博多503号室,5088,29,地下鉄空港線,祇園,6,2LDK,60.81,福岡県福岡市博多区店屋町,https://suumo.jp//ms/chuko/fukuoka/sc_fukuokashihakata/nc_20387762/,,
20395185,アンピール舞鶴,6790,22,地下鉄空港線,赤坂,8,2LDK,69.44,福岡県福岡市中央区舞鶴１,https://suumo.jp//ms/chuko/fukuoka/sc_fukuokashichuo/nc_20395185/,,
20395547,アンピール舞鶴,6790,22,地下鉄空港線,天神,7,2LDK,69.44,福岡県福岡市中央区舞鶴１,https://suumo.jp//ms/chuko/fukuoka/sc_fukuokashichuo/nc_20395547/,,
20401001,グランドメゾン浄水ガーデンシティ　フォレストゲートⅢ,19800,8,地下鉄七隈線,薬院大通,5,3LDK,100.07,福岡県福岡市中央区薬院４,https://suumo.jp//ms/chuko/fukuoka/sc_fukuokashichuo/nc_20401001/,,
20401004,アクロス大濠公園グランビュー,4230,1,地下鉄空港線,唐人町,3,1LDK,37.11,福岡県福岡市中央区黒門,https://suumo.jp//ms/chuko/fukuoka/sc_fukuokashichuo/nc_20401004/,,
20401835,ダイアパレス西公園Ⅱ,5680,41,地下鉄空港線,大濠公園,7,4LDK,116.59,福岡県福岡市中央区荒戸２,https://suumo.jp//ms/chuko/fukuoka/sc_fukuokashichuo/nc_20401835/,,
20401837,グランドメゾン赤坂１丁目,11580,13,地下鉄空港線,赤坂,6,3LDK,88.11,福岡県福岡市中央区赤坂１,https://suumo.jp//ms/chuko/fukuoka/sc_fukuokashichuo/nc_20401837/,,
20407256,ブリリアタワー西新,30000,5,地下鉄空港線,西新,1,2LDK,101.65,福岡県福岡市早良区西新４-1-1,https://suumo.jp//ms/chuko/fukuoka/sc_fukuokashisawara/nc_20407256/,,
20408984,ダイアパレスグランデージ大名,6080,28,地下鉄空港線,赤坂,6,2LDK+S（納戸）,70.69,福岡県福岡市中央区大名１,https://suumo.jp//ms/chuko/fukuoka/sc_fukuokashichuo/nc_20408984/,,
20410240,イニシアイオ大名,4280,18,地下鉄空港線,赤坂,5,1LDK,45.0,福岡県福岡市中央区大名１-9-4,https://suumo.jp//ms/chuko/fukuoka/sc_fukuokashichuo/nc_20410240/,,
20410832,ライオンズマンション大名,2992,44,地下鉄空港線,赤坂,10,3DK,56.72,福岡県福岡市中央区大名１,https://suumo.jp//ms/chuko/fukuoka/sc_fukuokashichuo/nc_20410832/,,
20416508,グランドメゾン福岡　Ｔｈｅ　Ｃｅｎｔｒａｌ　Ｌｕｘｅ,18500,1,西鉄天神大牟田線,薬院,2,2LDK,77.39,福岡県福岡市中央区渡辺通２,https://suumo.jp//ms/chuko/fukuoka/sc_fukuokashichuo/nc_20416508/,,
20416709,グランドメゾン百道浜オーシャン＆フォレスト,25800,16,地下鉄空港線,西新,15,3LDK,155.52,福岡県福岡市早良区百道浜３,https://suumo.jp//ms/chuko/fukuoka/sc_fukuokashisawara/nc_20416709/,,
20417461,パークホームズ大濠二丁目,17200,9,地下鉄空港線,唐人町,4,3LDK,101.47,福岡県福岡市中央区大濠２,https://suumo.jp//ms/chuko/fukuoka/sc_fukuokashichuo/nc_20417461/,,
20420725,グランドメゾン桜坂ヒルズ,9600,15,地下鉄七隈線,桜坂,5,3LDK,90.75,福岡県福岡市中央区警固３,https://suumo.jp//ms/chuko/fukuoka/sc_fukuokashichuo/nc_20420725/,,
20422608,ウェリス大濠公園Z-Stage,13800,13,地下鉄空港線,唐人町,2,3LDK,86.42,福岡県福岡市中央区黒門,https://suumo.jp//ms/chuko/fukuoka/sc_fukuokashichuo/nc_20422608/,,
20423568,ライオンズマンション高砂,3280,48,地下鉄七隈線,渡辺通,7,1LDK+S（納戸）,55.69,福岡県福岡市中央区高砂１,https://suumo.jp//ms/chuko/fukuoka/sc_fukuokashichuo/nc_20423568/,,
20426114,プレミスト大濠公園,24800,1,地下鉄空港線,唐人町,3,3LDK,120.71,福岡県福岡市中央区荒戸３,https://suumo.jp//ms/chuko/fukuoka/sc_fukuokashichuo/nc_20426114/,,
20426588,エバーライフ赤坂,4280,38,地下鉄七隈線,桜坂,14,1LDK,63.63,福岡県福岡市中央区赤坂３,https://suumo.jp//ms/chuko/fukuoka/sc_fukuokashichuo/nc_20426588/,,
20434666,警固ハウス,3190,46,地下鉄七隈線,薬院大通,9,3LDK,66.0,福岡県福岡市中央区警固１-15-15,https://suumo.jp//ms/chuko/fukuoka/sc_fukuokashichuo/nc_20434666/,,
20435512,ライオンズマンション西新,2980,44,地下鉄空港線,藤崎,5,2LDK,66.36,福岡県福岡市早良区西新７,https://suumo.jp//ms/chuko/fukuoka/sc_fukuokashisawara/nc_20435512/,,
20435722,ライオンズマンション天神南,4980,34,地下鉄七隈線,薬院大通,7,1LDK,86.02,福岡県福岡市中央区今泉２,https://suumo.jp//ms/chuko/fukuoka/sc_fukuokashichuo/nc_20435722/,,
20436133,ライオンズマンション大濠パークサイド,10500,23,地下鉄七隈線,六本松,11,3LDK,103.85,福岡県福岡市中央区鳥飼２,https://suumo.jp//ms/chuko/fukuoka/sc_fukuokashichuo/nc_20436133/,,
20442837,エメラルドマンション比恵,1998,44,地下鉄空港線,東比恵,3,2LDK,51.16,福岡県福岡市博多区東比恵３,https://suumo.jp//ms/chuko/fukuoka/sc_fukuokashihakata/nc_20442837/,,
20445148,コアマンションけやき通りプレジオ,13400,24,地下鉄七隈線,六本松,11,3LDK+S（納戸）,150.4,福岡県福岡市中央区赤坂３,https://suumo.jp//ms/chuko/fukuoka/sc_fukuokashichuo/nc_20445148/,,
20445302,第三住吉ハイツ,2599,46,ＪＲ鹿児島本線,博多,14,2LDK,67.2,福岡県福岡市博多区住吉５,https://suumo.jp//ms/chuko/fukuoka/sc_fukuokashihakata/nc_20445302/,,
20445675,ザ・パークハウス福岡タワーズ　WEST,32000,7,地下鉄空港線,唐人町,12,1LDK,102.56,福岡県福岡市中央区地行浜２,https://suumo.jp//ms/chuko/fukuoka/sc_fukuokashichuo/nc_20445675/,,
20447816,ソピア天神,5980,27,地下鉄七隈線,薬院大通,7,3LDK,66.24,福岡県福岡市中央区警固１,https://suumo.jp//ms/chuko/fukuoka/sc_fukuokashichuo/nc_20447816/,,
20449512,朝日プラザ大濠,3750,43,地下鉄七隈線,六本松,4,3LDK,69.12,福岡県福岡市中央区草香江２,https://suumo.jp//ms/chuko/fukuoka/sc_fukuokashichuo/nc_20449512/,,
20451509,アンピール別府Ⅱ,4380,33,地下鉄七隈線,別府,3,3LDK,66.29,福岡県福岡市城南区別府３,https://suumo.jp//ms/chuko/fukuoka/sc_fukuokashijonan/nc_20451509/,,
20451513,平尾フェニックスマンション,5280,35,西鉄天神大牟田線,薬院,6,3LDK,79.07,福岡県福岡市中央区平尾１,https://suumo.jp//ms/chuko/fukuoka/sc_fukuokashichuo/nc_20451513/,,
20452963,エクセレンス谷,2490,44,地下鉄七隈線,桜坂,6,2LDK,57.23,福岡県福岡市中央区谷１,https://suumo.jp//ms/chuko/fukuoka/sc_fukuokashichuo/nc_20452963/,,
20456602,アクロス天神ファーストステージ,5480,25,地下鉄七隈線,渡辺通,10,3LDK,80.8,福岡県福岡市中央区清川２,https://suumo.jp//ms/chuko/fukuoka/sc_fukuokashichuo/nc_20456602/,,
20458331,西新ビル,1850,54,地下鉄空港線,藤崎,5,2LDK,60.8,福岡県福岡市早良区高取１,https://suumo.jp//ms/chuko/fukuoka/sc_fukuokashisawara/nc_20458331/,,
20458386,ステイツ天神,3480,36,地下鉄七隈線,薬院大通,9,2LDK,46.8,福岡県福岡市中央区警固１-6-41,https://suumo.jp//ms/chuko/fukuoka/sc_fukuokashichuo/nc_20458386/,,
20459552,パークホームズ西新トラッドマークス,8480,8,地下鉄空港線,西新,3,3LDK,75.11,福岡県福岡市早良区西新２,https://suumo.jp//ms/chuko/fukuoka/sc_fukuokashisawara/nc_20459552/,,
20460207,ダイナコート六本松,2899,39,地下鉄七隈線,桜坂,6,2LDK,59.9,福岡県福岡市中央区谷１,https://suumo.jp//ms/chuko/fukuoka/sc_fukuokashichuo/nc_20460207/,,
20463772,ジャルダン大濠,4680,45,地下鉄七隈線,六本松,6,3LDK,86.13,福岡県福岡市中央区草香江２,https://suumo.jp//ms/chuko/fukuoka/sc_fukuokashichuo/nc_20463772/,,
20464597,エステートモア祇園,1240,28,地下鉄七隈線,櫛田神社前,6,1K,20.73,福岡県福岡市博多区冷泉町,https://suumo.jp//ms/chuko/fukuoka/sc_fukuokashihakata/nc_20464597/,,
20465822,ダイアパレスグランデージ大名,6950,28,地下鉄空港線,赤坂,6,2LDK,80.47,福岡県福岡市中央区大名１,https://suumo.jp//ms/chuko/fukuoka/sc_fukuokashichuo/nc_20465822/,,
20467027,西新パークマンション,2250,38,地下鉄空港線,西新,10,3LDK,70.97,福岡県福岡市早良区西新３,https://suumo.jp//ms/chuko/fukuoka/sc_fukuokashisawara/nc_20467027/,,
20469143,オープンレジデンシア薬院二丁目,5800,3,地下鉄七隈線,薬院大通,3,2LDK,42.54,福岡県福岡市中央区薬院２,https://suumo.jp//ms/chuko/fukuoka/sc_fukuokashichuo/nc_20469143/,,
20469730,グランドメゾン大濠南,7680,25,地下鉄七隈線,六本松,3,4LDK,98.79,福岡県福岡市中央区草香江２,https://suumo.jp//ms/chuko/fukuoka/sc_fukuokashichuo/nc_20469730/,,
20472262,ロマネスク渡辺通第2,1699,37,地下鉄七隈線,渡辺通,12,1LDK,33.29,福岡県福岡市中央区高砂２,https://suumo.jp//ms/chuko/fukuoka/sc_fukuokashichuo/nc_20472262/,,
20474520,オープンレジデンシア薬院南,3580,4,西鉄天神大牟田線,薬院,9,1LDK,34.54,福岡県福岡市中央区平尾３-5-6,https://suumo.jp//ms/chuko/fukuoka/sc_fukuokashichuo/nc_20474520/,,
20475936,グランドメゾン赤坂弐番館,12300,22,地下鉄空港線,赤坂,11,3LDK,110.0,福岡県福岡市中央区赤坂２,https://suumo.jp//ms/chuko/fukuoka/sc_fukuokashichuo/nc_20475936/,,
20476499,ザ・パークハウス桜坂サンリヤン,14800,8,地下鉄七隈線,桜坂,3,3LDK+S（納戸）,84.98,福岡県福岡市中央区桜坂３,https://suumo.jp//ms/chuko/fukuoka/sc_fukuokashichuo/nc_20476499/,,
20483283,ライオンズ大濠レジデンス,9480,19,地下鉄七隈線,六本松,10,3LDK,100.05,福岡県福岡市中央区草香江２,https://suumo.jp//ms/chuko/fukuoka/sc_fukuokashichuo/nc_20483283/,,
20491482,グランドパレス藤崎,5980,8,地下鉄空港線,藤崎,4,3LDK,70.08,福岡県福岡市早良区藤崎１,https://suumo.jp//ms/chuko/fukuoka/sc_fukuokashisawara/nc_20491482/,,
20503717,天神スカイマンション,5980,45,地下鉄空港線,天神,10,3LDK,100.94,福岡県福岡市中央区長浜１,https://suumo.jp//ms/chuko/fukuoka/sc_fukuokashichuo/nc_20503717/,,
20504005,ティアラ薬院,5800,35,地下鉄七隈線,薬院大通,4,3LDK,100.84,福岡県福岡市中央区薬院２,https://suumo.jp//ms/chuko/fukuoka/sc_fukuokashichuo/nc_20504005/,,
20507192,エンゼルハイム鳥飼中央,4980,25,地下鉄七隈線,六本松,15,3LDK,75.68,福岡県福岡市中央区鳥飼１,https://suumo.jp//ms/chuko/fukuoka/sc_fukuokashichuo/nc_20507192/,,
20511705,オープンレジデンシア渡辺通南,5780,2,地下鉄七隈線,渡辺通,9,2LDK,52.27,福岡県福岡市中央区清川２,https://suumo.jp//ms/chuko/fukuoka/sc_fukuokashichuo/nc_20511705/,,
20511947,レジデンス百道,8990,11,地下鉄空港線,藤崎,3,2LDK+S（納戸）,83.33,福岡県福岡市早良区百道２,https://suumo.jp//ms/chuko/fukuoka/sc_fukuokashisawara/nc_20511947/,,
20516591,ロイヤルマンション西新,4499,39,地下鉄空港線,西新,12,4LDK,84.48,福岡県福岡市早良区祖原,https://suumo.jp//ms/chuko/fukuoka/sc_fukuokashisawara/nc_20516591/,,
20520587,舞鶴パークホームズ,4000,46,地下鉄空港線,赤坂,7,4LDK,80.05,福岡県福岡市中央区舞鶴２,https://suumo.jp//ms/chuko/fukuoka/sc_fukuokashichuo/nc_20520587/,,
20527006,ライオンズマンション昭代　中古マンション,2298,45,地下鉄空港線,西新,15,2LDK,58.8,福岡県福岡市早良区昭代１,https://suumo.jp//ms/chuko/fukuoka/sc_fukuokashisawara/nc_20527006/,,
20529132,ル・サンク大濠公園,8900,6,地下鉄空港線,大濠公園,8,2LDK+S（納戸）,85.86,福岡県福岡市中央区大手門２,https://suumo.jp//ms/chuko/fukuoka/sc_fukuokashichuo/nc_20529132/,,
20530374,パークリュクス博多駅前,3580,2,ＪＲ鹿児島本線,博多,11,1LDK,30.04,福岡県福岡市博多区博多駅前４,https://suumo.jp//ms/chuko/fukuoka/sc_fukuokashihakata/nc_20530374/,,
20530817,アーバンパレスアクス大濠,5980,31,地下鉄空港線,唐人町,8,3LDK,72.48,福岡県福岡市中央区荒戸３,https://suumo.jp//ms/chuko/fukuoka/sc_fukuokashichuo/nc_20530817/,,
20532937,ライオンズマンション六本松第2,2150,38,地下鉄七隈線,六本松,7,2DK,40.74,福岡県福岡市中央区六本松３,https://suumo.jp//ms/chuko/fukuoka/sc_fukuokashichuo/nc_20532937/,,
20536103,ネクサス薬院,12880,11,地下鉄七隈線,薬院大通,4,3LDK,94.52,福岡県福岡市中央区薬院１-12-10,https://suumo.jp//ms/chuko/fukuoka/sc_fukuokashichuo/nc_20536103/,,
20536120,ライオンズマンション昭代,2298,45,地下鉄空港線,西新,15,2LDK,54.91,福岡県福岡市早良区昭代１,https://suumo.jp//ms/chuko/fukuoka/sc_fukuokashisawara/nc_20536120/,,
20538366,サングレート薬院駅ロイヤルウィン,4980,23,西鉄天神大牟田線,薬院,5,2LDK,55.72,福岡県福岡市中央区平尾１,https://suumo.jp//ms/chuko/fukuoka/sc_fukuokashichuo/nc_20538366/,,
20547675,藤崎センタービル,2450,47,地下鉄空港線,藤崎,1,1LDK,42.55,福岡県福岡市早良区高取２-18-6,https://suumo.jp//ms/chuko/fukuoka/sc_fukuokashisawara/nc_20547675/,,
20549076,グランドメゾン別府レジデンス,8700,2,地下鉄七隈線,別府,2,2LDK,70.44,福岡県福岡市城南区別府３,https://suumo.jp//ms/chuko/fukuoka/sc_fukuokashijonan/nc_20549076/,,
20551813,クレアホームズ赤坂けやきの杜,6680,23,地下鉄七隈線,桜坂,6,2LDK,79.12,福岡県福岡市中央区六本松３,https://suumo.jp//ms/chuko/fukuoka/sc_fukuokashichuo/nc_20551813/,,
20552088,エクセレンス谷,2590,47,地下鉄七隈線,六本松,7,2LDK,57.23,福岡県福岡市中央区谷１,https://suumo.jp//ms/chuko/fukuoka/sc_fukuokashichuo/nc_20552088/,,
20554328,アルファライフ博多,4699,15,地下鉄七隈線,博多,13,1LDK,53.04,福岡県福岡市博多区住吉５,https://suumo.jp//ms/chuko/fukuoka/sc_fukuokashihakata/nc_20554328/,,
20555466,デュオヴェール博多駅,4480,3,ＪＲ鹿児島本線,博多,8,1LDK,43.82,福岡県福岡市博多区博多駅東１,https://suumo.jp//ms/chuko/fukuoka/sc_fukuokashihakata/nc_20555466/,,
20556337,ロワールマンション大名,2480,46,地下鉄空港線,赤坂,6,3LDK,68.04,福岡県福岡市中央区大名１,https://suumo.jp//ms/chuko/fukuoka/sc_fukuokashichuo/nc_20556337/,,
20558081,アソシアタワー大濠ベネフィス,8690,21,地下鉄空港線,唐人町,7,4LDK,92.04,福岡県福岡市中央区荒戸３,https://suumo.jp//ms/chuko/fukuoka/sc_fukuokashichuo/nc_20558081/,,
20558546,グランピア住吉,2399,43,地下鉄七隈線,渡辺通,9,2LDK,51.68,福岡県福岡市博多区住吉３,https://suumo.jp//ms/chuko/fukuoka/sc_fukuokashihakata/nc_20558546/,,
20572204,ライオンズ大濠公園グランゲイト,6780,11,地下鉄空港線,大濠公園,7,3LDK,67.03,福岡県福岡市中央区大手門２,https://suumo.jp//ms/chuko/fukuoka/sc_fukuokashichuo/nc_20572204/,,
20574350,プレミスト天神赤坂タワー,14800,7,地下鉄空港線,赤坂,2,2LDK,69.22,福岡県福岡市中央区大名２,https://suumo.jp//ms/chuko/fukuoka/sc_fukuokashichuo/nc_20574350/,,
20576519,オープンレジデンシア大濠公園,4250,3,地下鉄空港線,大濠公園,5,1LDK,34.78,福岡県福岡市中央区大手門２,https://suumo.jp//ms/chuko/fukuoka/sc_fukuokashichuo/nc_20576519/,,
20577275,コスモ六本松シティフォルム,7399,26,地下鉄七隈線,六本松,4,3LDK,70.58,福岡県福岡市中央区草香江２,https://suumo.jp//ms/chuko/fukuoka/sc_fukuokashichuo/nc_20577275/,,
20577787,室見二丁目パーク・マンション,7650,31,地下鉄空港線,藤崎,7,4LDK,137.36,福岡県福岡市早良区室見２,https://suumo.jp//ms/chuko/fukuoka/sc_fukuokashisawara/nc_20577787/,,
20577788,クリオラベルヴィ博多,5480,7,地下鉄空港線,東比恵,4,2LDK,54.01,福岡県福岡市博多区比恵町,https://suumo.jp//ms/chuko/fukuoka/sc_fukuokashihakata/nc_20577788/,,
20577801,平尾フェニックスマンション,4480,35,西鉄天神大牟田線,薬院,6,3LDK,61.29,福岡県福岡市中央区平尾１,https://suumo.jp//ms/chuko/fukuoka/sc_fukuokashichuo/nc_20577801/,,
20577823,パークホームズ西新トラッドマークス,25000,8,地下鉄空港線,西新,3,3LDK+S（納戸）,163.09,福岡県福岡市早良区西新２,https://suumo.jp//ms/chuko/fukuoka/sc_fukuokashisawara/nc_20577823/,,
20577831,Ｂｒｉｌｌｉａ　Ｔｏｗｅｒ西新・ＰＲＡＬＩＶＡ,21900,5,地下鉄空港線,西新,1,3LDK,99.1,福岡県福岡市早良区西新４,https://suumo.jp//ms/chuko/fukuoka/sc_fukuokashisawara/nc_20577831/,,
20577832,ブライトンヒルズ藤崎,6180,23,地下鉄空港線,藤崎,6,3LDK,79.23,福岡県福岡市早良区藤崎１,https://suumo.jp//ms/chuko/fukuoka/sc_fukuokashisawara/nc_20577832/,,
20579461,グランフォーレ西公園ルネッサンス,7199,19,地下鉄空港線,大濠公園,5,3LDK,75.65,福岡県福岡市中央区荒戸１,https://suumo.jp//ms/chuko/fukuoka/sc_fukuokashichuo/nc_20579461/,,
20582551,ダイアパレス薬院,2380,42,地下鉄七隈線,薬院大通,4,1LDK,36.37,福岡県福岡市中央区薬院２-2-26,https://suumo.jp//ms/chuko/fukuoka/sc_fukuokashichuo/nc_20582551/,,
20586973,マンションアベニュー,2180,52,地下鉄空港線,西新,3,2LDK,53.91,福岡県福岡市早良区西新５,https://suumo.jp//ms/chuko/fukuoka/sc_fukuokashisawara/nc_20586973/,,
20586988,オープンレジデンシア薬院南,3690,4,西鉄天神大牟田線,薬院,8,1LDK,39.99,福岡県福岡市中央区平尾３,https://suumo.jp//ms/chuko/fukuoka/sc_fukuokashichuo/nc_20586988/,,
20587896,レーベン福岡天神ＯＮＥ　ＴＯＷＥＲ,15358,2,地下鉄空港線,天神,8,2LDK+S（納戸）,83.43,福岡県福岡市中央区天神５,https://suumo.jp//ms/chuko/fukuoka/sc_fukuokashichuo/nc_20587896/,,
20588156,ジョイナス地行浜東　内装リフォーム,6490,20,地下鉄空港線,唐人町,12,4LDK,85.47,福岡県福岡市中央区伊崎17-11,https://suumo.jp//ms/chuko/fukuoka/sc_fukuokashichuo/nc_20588156/,,
20588497,百道浜パークハウス,15800,28,地下鉄空港線,西新,13,4LDK,131.0,福岡県福岡市早良区百道浜１,https://suumo.jp//ms/chuko/fukuoka/sc_fukuokashisawara/nc_20588497/,,
20590770,藤和薬院コープ,3848,47,地下鉄七隈線,薬院大通,2,3LDK,71.18,福岡県福岡市中央区薬院２,https://suumo.jp//ms/chuko/fukuoka/sc_fukuokashichuo/nc_20590770/,,
20591721,ライオンズマンション舞鶴第2,3290,44,地下鉄空港線,赤坂,6,2DK+S（納戸）,52.72,福岡県福岡市中央区舞鶴３,https://suumo.jp//ms/chuko/fukuoka/sc_fukuokashichuo/nc_20591721/,,
20593483,オープンレジデンシア博多空港通り,4580,2,ＪＲ鹿児島本線,博多,9,2LDK,48.97,福岡県福岡市博多区東光２,https://suumo.jp//ms/chuko/fukuoka/sc_fukuokashihakata/nc_20593483/,,
20594188,ヒルズ平尾,4980,28,地下鉄七隈線,薬院,15,2LDK,80.79,福岡県福岡市中央区平尾４,https://suumo.jp//ms/chuko/fukuoka/sc_fukuokashichuo/nc_20594188/,,
20594449,アソシアビュー博多アドレス,6980,11,地下鉄空港線,博多,14,4LDK,84.28,福岡県福岡市博多区豊１,https://suumo.jp//ms/chuko/fukuoka/sc_fukuokashihakata/nc_20594449/,,
20594963,アンピール・マキシム大濠,13500,26,地下鉄空港線,大濠公園,8,3LDK,123.43,福岡県福岡市中央区荒戸２,https://suumo.jp//ms/chuko/fukuoka/sc_fukuokashichuo/nc_20594963/,,
20595838,ザ・パークハウス福岡タワーズ　EAST,8780,6,地下鉄空港線,唐人町,12,2LDK,82.52,福岡県福岡市中央区地行浜２,https://suumo.jp//ms/chuko/fukuoka/sc_fukuokashichuo/nc_20595838/,,
20598684,デュオヴェール大濠公園,6080,7,地下鉄空港線,大濠公園,8,2LDK,49.42,福岡県福岡市中央区荒戸３,https://suumo.jp//ms/chuko/fukuoka/sc_fukuokashichuo/nc_20598684/,,
20599370,第三住吉ハイツ,2549,46,ＪＲ鹿児島本線,博多,13,2LDK,67.2,福岡県福岡市博多区住吉５,https://suumo.jp//ms/chuko/fukuoka/sc_fukuokashihakata/nc_20599370/,,
20601170,サンメゾン今川,9580,7,地下鉄空港線,唐人町,6,3LDK,86.13,福岡県福岡市中央区今川１,https://suumo.jp//ms/chuko/fukuoka/sc_fukuokashichuo/nc_20601170/,,
20601172,ハイツ城西,1680,52,地下鉄空港線,西新,5,1LDK,48.51,福岡県福岡市早良区城西１,https://suumo.jp//ms/chuko/fukuoka/sc_fukuokashisawara/nc_20601172/,,
20601934,パークホームズ西新トラッドマークス,7190,8,地下鉄空港線,西新,3,2LDK,67.72,福岡県福岡市早良区西新２,https://suumo.jp//ms/chuko/fukuoka/sc_fukuokashisawara/nc_20601934/,,
20602025,パークヒルズ櫻坂ステージI,6480,33,地下鉄七隈線,桜坂,5,3LDK,131.34,福岡県福岡市中央区桜坂３,https://suumo.jp//ms/chuko/fukuoka/sc_fukuokashichuo/nc_20602025/,,
20604902,エンゼルハイム鳥飼中央,4980,25,地下鉄七隈線,別府,13,3LDK,75.68,福岡県福岡市中央区鳥飼１-4-43,https://suumo.jp//ms/chuko/fukuoka/sc_fukuokashichuo/nc_20604902/,,
20605017,アンピール六本松,5980,32,地下鉄七隈線,六本松,6,3LDK,71.23,福岡県福岡市中央区六本松４,https://suumo.jp//ms/chuko/fukuoka/sc_fukuokashichuo/nc_20605017/,,
20605290,シテイマンション平尾Ⅱ,2548,41,地下鉄七隈線,薬院,11,3LDK,58.24,福岡県福岡市中央区平尾２-2-21,https://suumo.jp//ms/chuko/fukuoka/sc_fukuokashichuo/nc_20605290/,,
20606079,コアマンション大手門タワー,8680,23,地下鉄空港線,赤坂,7,3LDK,95.82,福岡県福岡市中央区大手門１,https://suumo.jp//ms/chuko/fukuoka/sc_fukuokashichuo/nc_20606079/,,
20609010,トーカンマンション大濠公園駅前,2980,45,地下鉄空港線,大濠公園,3,2LDK,63.68,福岡県福岡市中央区大手門３,https://suumo.jp//ms/chuko/fukuoka/sc_fukuokashichuo/nc_20609010/,,
20609707,グランドメゾン薬院　ザ・タワーレジデンス,10500,4,地下鉄七隈線,薬院大通,5,2LDK+S（納戸）,70.06,福岡県福岡市中央区薬院３,https://suumo.jp//ms/chuko/fukuoka/sc_fukuokashichuo/nc_20609707/,,
20612025,パーク・エステート博多,5139,29,地下鉄空港線,祇園,7,2LDK,60.81,福岡県福岡市博多区店屋町,https://suumo.jp//ms/chuko/fukuoka/sc_fukuokashihakata/nc_20612025/,,
20612889,赤坂エクセル,3390,52,地下鉄空港線,赤坂,12,2LDK,79.5,福岡県福岡市中央区赤坂３-8-26,https://suumo.jp//ms/chuko/fukuoka/sc_fukuokashichuo/nc_20612889/,,
20623163,ライオンズマンション大濠第二,4580,43,地下鉄空港線,唐人町,3,3LDK,72.5,福岡県福岡市中央区黒門,https://suumo.jp//ms/chuko/fukuoka/sc_fukuokashichuo/nc_20623163/,,
20631173,ソレイユ赤坂南,4998,37,地下鉄七隈線,桜坂,7,3LDK,75.03,福岡県福岡市中央区六本松３-5-35,https://suumo.jp//ms/chuko/fukuoka/sc_fukuokashichuo/nc_20631173/,,
20632329,アンピール天神南,2999,40,西鉄天神大牟田線,薬院,6,2LDK,52.8,福岡県福岡市中央区今泉１,https://suumo.jp//ms/chuko/fukuoka/sc_fukuokashichuo/nc_20632329/,,
20632991,クレアセンターマーク,6999,26,西鉄天神大牟田線,薬院,11,3LDK,80.25,福岡県福岡市中央区今泉２,https://suumo.jp//ms/chuko/fukuoka/sc_fukuokashichuo/nc_20632991/,,
20635589,ダイアパレス平尾Ⅱ,2890,43,西鉄天神大牟田線,薬院,11,1LDK+S（納戸）,55.62,福岡県福岡市中央区大宮２,https://suumo.jp//ms/chuko/fukuoka/sc_fukuokashichuo/nc_20635589/,,
20636452,東急ドエルアルス桜坂,6290,30,地下鉄七隈線,桜坂,6,3LDK+S（納戸）,84.11,福岡県福岡市中央区桜坂１-15-13,https://suumo.jp//ms/chuko/fukuoka/sc_fukuokashichuo/nc_20636452/,,
20636973,サンシャイン別府,2845,47,地下鉄七隈線,別府,8,4LDK,85.62,福岡県福岡市城南区別府４,https://suumo.jp//ms/chuko/fukuoka/sc_fukuokashijonan/nc_20636973/,,
20637739,ロイヤルアーク藤崎,5598,24,地下鉄空港線,藤崎,12,4LDK,82.48,福岡県福岡市早良区昭代３,https://suumo.jp//ms/chuko/fukuoka/sc_fukuokashisawara/nc_20637739/,,
20641849,赤坂エクセル,3449,52,地下鉄七隈線,桜坂,13,2LDK,79.5,福岡県福岡市中央区赤坂３,https://suumo.jp//ms/chuko/fukuoka/sc_fukuokashichuo/nc_20641849/,,
20642323,オープンレジデンシア薬院二丁目,4350,3,西鉄天神大牟田線,薬院,9,1LDK,34.21,福岡県福岡市中央区薬院２,https://suumo.jp//ms/chuko/fukuoka/sc_fukuokashichuo/nc_20642323/,,
20642325,アムール山王公園南,3450,28,地下鉄空港線,東比恵,15,3LDK,64.89,福岡県福岡市博多区半道橋１,https://suumo.jp//ms/chuko/fukuoka/sc_fukuokashihakata/nc_20642325/,,
20647152,クリオ渡辺通サザンマークス,6280,2,地下鉄七隈線,渡辺通,15,2LDK,67.0,福岡県福岡市中央区清川３,https://suumo.jp//ms/chuko/fukuoka/sc_fukuokashichuo/nc_20647152/,,
20648503,コスモ警固ロイヤルフォルム,7580,25,地下鉄空港線,赤坂,8,3LDK,66.18,福岡県福岡市中央区警固１,https://suumo.jp//ms/chuko/fukuoka/sc_fukuokashichuo/nc_20648503/,,
20651837,ザ・パークハウス福岡タワーズＷＥＳＴ,16800,7,地下鉄空港線,唐人町,12,2LDK,92.49,福岡県福岡市中央区地行浜２,https://suumo.jp//ms/chuko/fukuoka/sc_fukuokashichuo/nc_20651837/,,
20652340,ロイヤルマンション西新,4599,39,地下鉄空港線,西新,8,4LDK,84.8,福岡県福岡市早良区祖原23-20,https://suumo.jp//ms/chuko/fukuoka/sc_fukuokashisawara/nc_20652340/,,
20656955,マンション鳥飼204,1650,53,地下鉄七隈線,六本松,12,1LDK,49.8,福岡県福岡市中央区鳥飼１-3-19,https://suumo.jp//ms/chuko/fukuoka/sc_fukuokashichuo/nc_20656955/,,
20658742,グリーンハイツ輝国,1750,46,地下鉄七隈線,六本松,13,3LDK,76.3,福岡県福岡市中央区輝国２,https://suumo.jp//ms/chuko/fukuoka/sc_fukuokashichuo/nc_20658742/,,
20658743,クレアランドマーク,3480,25,地下鉄七隈線,櫛田神社前,4,1LDK,40.43,福岡県福岡市博多区冷泉町,https://suumo.jp//ms/chuko/fukuoka/sc_fukuokashihakata/nc_20658743/,,
20665914,スカイ・クリエート天神南,730,35,地下鉄七隈線,渡辺通,7,ワンルーム,19.71,福岡県福岡市中央区春吉２,https://suumo.jp//ms/chuko/fukuoka/sc_fukuokashichuo/nc_20665914/,,
20666923,西公園ツインタワー,4000,36,地下鉄空港線,大濠公園,10,4LDK,81.69,福岡県福岡市中央区荒戸２,https://suumo.jp//ms/chuko/fukuoka/sc_fukuokashichuo/nc_20666923/,,
20667143,東急ドエル・アルス博多・古門戸町,4690,29,地下鉄箱崎線,中洲川端,6,2LDK,55.39,福岡県福岡市博多区古門戸町,https://suumo.jp//ms/chuko/fukuoka/sc_fukuokashihakata/nc_20667143/,,
20668272,グランドメゾン薬院ザ・タワーレジデンス,5800,4,地下鉄七隈線,薬院大通,7,1LDK,39.23,福岡県福岡市中央区薬院３,https://suumo.jp//ms/chuko/fukuoka/sc_fukuokashichuo/nc_20668272/,,
20673715,グランドメゾン赤坂LUXE,25000,10,地下鉄空港線,赤坂,8,3LDK,142.11,福岡県福岡市中央区赤坂２,https://suumo.jp//ms/chuko/fukuoka/sc_fukuokashichuo/nc_20673715/,,
20674574,オープンレジデンシア渡辺通南,3380,2,地下鉄七隈線,渡辺通,10,1LDK,34.3,福岡県福岡市中央区清川２,https://suumo.jp//ms/chuko/fukuoka/sc_fukuokashichuo/nc_20674574/,,
20675253,グリーンハイツ輝国,2430,46,地下鉄七隈線,六本松,13,3LDK,73.32,福岡県福岡市中央区輝国２-24-55,https://suumo.jp//ms/chuko/fukuoka/sc_fukuokashichuo/nc_20675253/,,
20676273,パストラルハイム六本松,5980,35,地下鉄七隈線,六本松,6,4LDK,93.85,福岡県福岡市中央区谷１,https://suumo.jp//ms/chuko/fukuoka/sc_fukuokashichuo/nc_20676273/,,
20680872,駅徒歩約4分♪ シティマンション薬院Ⅱ　【担当：大石…,2700,41,西鉄天神大牟田線,薬院,4,2LDK,48.8,福岡県福岡市中央区大宮１,https://suumo.jp//ms/chuko/fukuoka/sc_fukuokashichuo/nc_20680872/,,
20683977,パーク・サンリヤン博多の森Ⅰ・Ⅱ番館,4280,23,地下鉄空港線,福岡空港,12,3LDK,82.19,福岡県糟屋郡志免町別府西２-24-2,https://suumo.jp//ms/chuko/fukuoka/sc_kasuyagunshime/nc_20683977/,,
20684091,コアマンション百道プレジオ,8100,20,地下鉄空港線,藤崎,8,3LDK,93.57,福岡県福岡市早良区百道１,https://suumo.jp//ms/chuko/fukuoka/sc_fukuokashisawara/nc_20684091/,,
20685889,Ｂｒｉｌｌｉａ平尾浄水,10800,17,地下鉄七隈線,薬院大通,11,3LDK,108.17,福岡県福岡市中央区平尾浄水町,https://suumo.jp//ms/chuko/fukuoka/sc_fukuokashichuo/nc_20685889/,,
20689080,東峰マンション西公園,2680,48,地下鉄空港線,大濠公園,5,2LDK,48.59,福岡県福岡市中央区荒戸３,https://suumo.jp//ms/chuko/fukuoka/sc_fukuokashichuo/nc_20689080/,,
20689449,大濠公園グランドヒルズ,5780,36,地下鉄空港線,大濠公園,4,3LDK,70.11,福岡県福岡市中央区荒戸２,https://suumo.jp//ms/chuko/fukuoka/sc_fukuokashichuo/nc_20689449/,,
20689977,レーベン福岡天神　ＯＮＥ　ＴＯＷＥＲ,6880,2,地下鉄空港線,天神,9,1LDK,43.7,福岡県福岡市中央区天神５-4-1,https://suumo.jp//ms/chuko/fukuoka/sc_fukuokashichuo/nc_20689977/,,
20690267,オープンレジデンシア大濠西,5950,2,地下鉄空港線,唐人町,10,2LDK,53.62,福岡県福岡市中央区今川２,https://suumo.jp//ms/chuko/fukuoka/sc_fukuokashichuo/nc_20690267/,,
20693951,ブリリアタワー西新,16500,5,地下鉄空港線,西新,1,2LDK,79.93,福岡県福岡市早良区西新４,https://suumo.jp//ms/chuko/fukuoka/sc_fukuokashisawara/nc_20693951/,,
20696773,ダイアパレス西新,1850,42,地下鉄空港線,西新,9,1LDK,40.77,福岡県福岡市早良区祖原,https://suumo.jp//ms/chuko/fukuoka/sc_fukuokashisawara/nc_20696773/,,
20696990,ＪＧＭロイヤルガーデン薬院,12500,22,地下鉄七隈線,薬院大通,1,4LDK,104.94,福岡県福岡市中央区薬院２,https://suumo.jp//ms/chuko/fukuoka/sc_fukuokashichuo/nc_20696990/,,
20698153,トーカンマンション今泉１０,3790,46,地下鉄七隈線,天神南,7,3LDK,78.26,福岡県福岡市中央区今泉１,https://suumo.jp//ms/chuko/fukuoka/sc_fukuokashichuo/nc_20698153/,,
20698812,アンピール空港通り２,4499,17,地下鉄空港線,東比恵,11,3LDK,77.26,福岡県福岡市博多区豊２,https://suumo.jp//ms/chuko/fukuoka/sc_fukuokashihakata/nc_20698812/,,
20702908,ザ・パークハウス平尾浄水通り,22800,8,地下鉄七隈線,薬院大通,8,3LDK,124.62,福岡県福岡市中央区平尾３,https://suumo.jp//ms/chuko/fukuoka/sc_fukuokashichuo/nc_20702908/,,
20704171,ジェネラスマンション百道,5990,22,地下鉄空港線,藤崎,9,4LDK,92.0,福岡県福岡市早良区西新７,https://suumo.jp//ms/chuko/fukuoka/sc_fukuokashisawara/nc_20704171/,,
20704362,グランフォーレ西新,3699,20,地下鉄空港線,西新,5,1LDK,40.05,福岡県福岡市早良区城西１,https://suumo.jp//ms/chuko/fukuoka/sc_fukuokashisawara/nc_20704362/,,
20707365,コープ野村博多東,3380,46,地下鉄空港線,東比恵,5,3LDK,98.41,福岡県福岡市博多区比恵町,https://suumo.jp//ms/chuko/fukuoka/sc_fukuokashihakata/nc_20707365/,,
20708382,プチメゾン薬院,498,42,西鉄天神大牟田線,薬院,7,ワンルーム,15.0,福岡県福岡市中央区白金１-13-11,https://suumo.jp//ms/chuko/fukuoka/sc_fukuokashichuo/nc_20708382/,,
20708446,シティマンション平尾Ⅱ,2553,41,地下鉄七隈線,薬院,11,3LDK,58.24,福岡県福岡市中央区平尾２-2-21,https://suumo.jp//ms/chuko/fukuoka/sc_fukuokashichuo/nc_20708446/,,
20708458,ユーハイム大濠西,2630,41,地下鉄空港線,唐人町,3,1LDK,48.09,福岡県福岡市中央区黒門,https://suumo.jp//ms/chuko/fukuoka/sc_fukuokashichuo/nc_20708458/,,
20711061,KBCマンションユーハイム赤坂南,3580,40,地下鉄七隈線,薬院大通,7,2LDK,84.87,福岡県福岡市中央区警固２,https://suumo.jp//ms/chuko/fukuoka/sc_fukuokashichuo/nc_20711061/,,
20711534,オープンレジデンシア天神今泉,4999,3,地下鉄七隈線,薬院大通,6,2LDK,46.28,福岡県福岡市中央区今泉２,https://suumo.jp//ms/chuko/fukuoka/sc_fukuokashichuo/nc_20711534/,,
20711824,グランドメゾン鳥飼,5290,26,地下鉄七隈線,別府,8,3LDK,72.93,福岡県福岡市城南区鳥飼６,https://suumo.jp//ms/chuko/fukuoka/sc_fukuokashijonan/nc_20711824/,,
20713112,リファレンス天神南,4299,14,地下鉄七隈線,渡辺通,13,3LDK,65.32,福岡県福岡市中央区清川２,https://suumo.jp//ms/chuko/fukuoka/sc_fukuokashichuo/nc_20713112/,,
20714459,オープンレジデンシア博多空港通り,3480,2,ＪＲ鹿児島本線,博多,10,1LDK,34.38,福岡県福岡市博多区東光２,https://suumo.jp//ms/chuko/fukuoka/sc_fukuokashihakata/nc_20714459/,,
20714760,アーサー大濠倶楽部スカイコート,5490,30,地下鉄空港線,唐人町,4,2LDK,72.6,福岡県福岡市中央区荒戸３,https://suumo.jp//ms/chuko/fukuoka/sc_fukuokashichuo/nc_20714760/,,
20718770,ニューライフ天神,2800,43,地下鉄空港線,天神,8,2LDK,53.85,福岡県福岡市中央区天神４,https://suumo.jp//ms/chuko/fukuoka/sc_fukuokashichuo/nc_20718770/,,
20721145,クレアセンターマーク,6999,26,地下鉄七隈線,薬院大通,10,3LDK+S（納戸）,80.25,福岡県福岡市中央区今泉２-4-48,https://suumo.jp//ms/chuko/fukuoka/sc_fukuokashichuo/nc_20721145/,,
20721532,アンピール西新,7200,22,地下鉄空港線,西新,10,4LDK,93.58,福岡県福岡市早良区城西３-12－27,https://suumo.jp//ms/chuko/fukuoka/sc_fukuokashisawara/nc_20721532/,,
20724056,コアマンション大手門タワー,22000,23,地下鉄空港線,赤坂,6,4LDK,136.91,福岡県福岡市中央区大手門１,https://suumo.jp//ms/chuko/fukuoka/sc_fukuokashichuo/nc_20724056/,,
20724057,グランドメゾン大濠レジデンス,18900,11,地下鉄空港線,唐人町,7,2LDK,97.71,福岡県福岡市中央区大濠２,https://suumo.jp//ms/chuko/fukuoka/sc_fukuokashichuo/nc_20724057/,,
20724392,コアマンションけやき通りプレジオ,13500,24,地下鉄七隈線,桜坂,12,4LDK,133.37,福岡県福岡市中央区赤坂３-４－２２,https://suumo.jp//ms/chuko/fukuoka/sc_fukuokashichuo/nc_20724392/,,
20724983,アンピール百年橋,4080,31,地下鉄七隈線,渡辺通,15,3LDK,70.11,福岡県福岡市中央区清川３,https://suumo.jp//ms/chuko/fukuoka/sc_fukuokashichuo/nc_20724983/,,
20734997,オープンレジデンシア博多住吉,5280,3,地下鉄七隈線,櫛田神社前,5,2LDK,51.18,福岡県福岡市博多区住吉２,https://suumo.jp//ms/chuko/fukuoka/sc_fukuokashihakata/nc_20734997/,,
20737120,クリオラベルヴィ西新グランクラス,7300,1,地下鉄空港線,西新,1,2LDK,52.2,福岡県福岡市早良区西新１,https://suumo.jp//ms/chuko/fukuoka/sc_fukuokashisawara/nc_20737120/,,
20737121,ブラントン六本松,3780,6,地下鉄七隈線,六本松,3,1LDK,33.61,福岡県福岡市中央区草香江２,https://suumo.jp//ms/chuko/fukuoka/sc_fukuokashichuo/nc_20737121/,,
20737937,コスモシティ地行,6980,24,地下鉄空港線,唐人町,5,4LDK,91.01,福岡県福岡市中央区地行４,https://suumo.jp//ms/chuko/fukuoka/sc_fukuokashichuo/nc_20737937/,,
20738575,ザ・パークハウス福岡タワーズ　EAST,9480,6,地下鉄空港線,唐人町,12,3LDK,81.41,福岡県福岡市中央区地行浜２,https://suumo.jp//ms/chuko/fukuoka/sc_fukuokashichuo/nc_20738575/,,
20739587,南薬院パークマンション,5480,41,地下鉄七隈線,薬院大通,4,3LDK,72.08,福岡県福岡市中央区薬院２-12-3,https://suumo.jp//ms/chuko/fukuoka/sc_fukuokashichuo/nc_20739587/,,
20743794,グランコート高砂,4980,30,地下鉄七隈線,薬院,12,3LDK,64.23,福岡県福岡市中央区高砂２,https://suumo.jp//ms/chuko/fukuoka/sc_fukuokashichuo/nc_20743794/,,
20743987,サンリベラ・プライム天神大名レジデンス,14980,34,地下鉄空港線,赤坂,4,1LDK,100.4,福岡県福岡市中央区大名２-4-5,https://suumo.jp//ms/chuko/fukuoka/sc_fukuokashichuo/nc_20743987/,,
20745034,西新百道パークホームズ,5980,25,地下鉄空港線,西新,12,3LDK,76.83,福岡県福岡市早良区西新７,https://suumo.jp//ms/chuko/fukuoka/sc_fukuokashisawara/nc_20745034/,,
20746427,グランドメゾン赤坂１丁目,9800,13,地下鉄空港線,赤坂,6,2LDK,71.55,福岡県福岡市中央区赤坂１,https://suumo.jp//ms/chuko/fukuoka/sc_fukuokashichuo/nc_20746427/,,
20751183,ライオンズマンション天神,3100,47,地下鉄空港線,赤坂,5,2LDK,54.09,福岡県福岡市中央区舞鶴１,https://suumo.jp//ms/chuko/fukuoka/sc_fukuokashichuo/nc_20751183/,,
20751445,ロマネスク大濠アネックス,3099,39,地下鉄空港線,唐人町,11,2LDK,59.65,福岡県福岡市中央区鳥飼２,https://suumo.jp//ms/chuko/fukuoka/sc_fukuokashichuo/nc_20751445/,,
20752901,グランドメゾン浄水ガーデンシティ　セントラルフォレス…,12800,4,地下鉄七隈線,薬院大通,6,3LDK,74.84,福岡県福岡市中央区薬院４,https://suumo.jp//ms/chuko/fukuoka/sc_fukuokashichuo/nc_20752901/,,
20753447,エバーライフ住吉,3190,41,地下鉄七隈線,渡辺通,14,2LDK+S（納戸）,52.48,福岡県福岡市博多区住吉４-4-21,https://suumo.jp//ms/chuko/fukuoka/sc_fukuokashihakata/nc_20753447/,,
20753981,エスポワール城西,5090,32,地下鉄空港線,西新,4,3LDK,67.29,福岡県福岡市早良区城西３,https://suumo.jp//ms/chuko/fukuoka/sc_fukuokashisawara/nc_20753981/,,
20755833,シャンボール桜坂,2230,52,地下鉄七隈線,桜坂,7,2LDK,51.93,福岡県福岡市中央区古小烏町81,https://suumo.jp//ms/chuko/fukuoka/sc_fukuokashichuo/nc_20755833/,,
20758909,パークエステート博多,5088,29,地下鉄箱崎線,中洲川端,6,3LDK,60.81,福岡県福岡市博多区店屋町,https://suumo.jp//ms/chuko/fukuoka/sc_fukuokashihakata/nc_20758909/,,
20760407,西公園ツインタワー,4498,36,地下鉄空港線,大濠公園,10,3LDK,83.05,福岡県福岡市中央区荒戸２,https://suumo.jp//ms/chuko/fukuoka/sc_fukuokashichuo/nc_20760407/,,
20760888,イトーピア大濠,5480,44,地下鉄空港線,唐人町,8,3LDK+S（納戸）,95.31,福岡県福岡市中央区今川１-25-18,https://suumo.jp//ms/chuko/fukuoka/sc_fukuokashichuo/nc_20760888/,,
20762672,ザ・パークハウス藤崎紅葉山,6880,5,地下鉄空港線,藤崎,10,3LDK+S（納戸）,70.44,福岡県福岡市早良区昭代３-4-8,https://suumo.jp//ms/chuko/fukuoka/sc_fukuokashisawara/nc_20762672/,,
20763545,ブライト・サンリヤン藤崎二丁目,6980,14,地下鉄空港線,藤崎,9,4LDK,91.8,福岡県福岡市早良区藤崎２,https://suumo.jp//ms/chuko/fukuoka/sc_fukuokashisawara/nc_20763545/,,
20764595,インプレスト天神オークタワー,5880,6,地下鉄空港線,赤坂,9,2LDK,56.79,福岡県福岡市中央区長浜２,https://suumo.jp//ms/chuko/fukuoka/sc_fukuokashichuo/nc_20764595/,,
20770211,東峰マンション博多駅東,1280,41,地下鉄空港線,東比恵,8,1K,23.17,福岡県福岡市博多区比恵町7-27,https://suumo.jp//ms/chuko/fukuoka/sc_fukuokashihakata/nc_20770211/,,
20773709,東峰マンション第二西公園,3498,44,地下鉄空港線,唐人町,9,3LDK,73.55,福岡県福岡市中央区荒戸３,https://suumo.jp//ms/chuko/fukuoka/sc_fukuokashichuo/nc_20773709/,,
20777150,赤坂パインマンション,3899,45,地下鉄空港線,赤坂,8,2LDK,72.0,福岡県福岡市中央区赤坂１-2-6,https://suumo.jp//ms/chuko/fukuoka/sc_fukuokashichuo/nc_20777150/,,
20779585,朝日プラザ薬院,3990,42,地下鉄七隈線,薬院大通,7,2LDK,63.32,福岡県福岡市中央区薬院２-11-10,https://suumo.jp//ms/chuko/fukuoka/sc_fukuokashichuo/nc_20779585/,,
20780000,ザ・パークハウス天神今泉,17200,6,西鉄天神大牟田線,薬院,6,3LDK,104.72,福岡県福岡市中央区今泉２,https://suumo.jp//ms/chuko/fukuoka/sc_fukuokashichuo/nc_20780000/,,
20780392,サンライフ六本松,4280,42,地下鉄七隈線,六本松,2,1LDK,60.04,福岡県福岡市中央区草香江２,https://suumo.jp//ms/chuko/fukuoka/sc_fukuokashichuo/nc_20780392/,,
20780394,デュオヴェール博多駅,5480,3,地下鉄空港線,博多,7,2LDK,48.76,福岡県福岡市博多区博多駅東１,https://suumo.jp//ms/chuko/fukuoka/sc_fukuokashihakata/nc_20780394/,,
20780485,ブリリアタワー西新,18680,5,地下鉄空港線,西新,1,3LDK,80.74,福岡県福岡市早良区西新４,https://suumo.jp//ms/chuko/fukuoka/sc_fukuokashisawara/nc_20780485/,,
20780545,チサンマンション西公園,3799,42,地下鉄空港線,大濠公園,8,2LDK,57.32,福岡県福岡市中央区荒戸２,https://suumo.jp//ms/chuko/fukuoka/sc_fukuokashichuo/nc_20780545/,,
20780548,藤和シティホームズ別府,5780,30,地下鉄七隈線,別府,1,3LDK,70.15,福岡県福岡市城南区別府２,https://suumo.jp//ms/chuko/fukuoka/sc_fukuokashijonan/nc_20780548/,,
20780549,ロイヤルマンション大濠セーヌ,7280,23,地下鉄七隈線,六本松,7,2LDK+S（納戸）,71.25,福岡県福岡市中央区草香江２,https://suumo.jp//ms/chuko/fukuoka/sc_fukuokashichuo/nc_20780549/,,
20782749,ロマネスク西公園第７,3490,35,地下鉄空港線,大濠公園,15,1LDK+S（納戸）,69.3,福岡県福岡市中央区港３,https://suumo.jp//ms/chuko/fukuoka/sc_fukuokashichuo/nc_20782749/,,
20785395,ライオンズマンション大濠パークサイド,9800,23,地下鉄空港線,唐人町,11,4LDK,103.85,福岡県福岡市中央区鳥飼２,https://suumo.jp//ms/chuko/fukuoka/sc_fukuokashichuo/nc_20785395/,,
20786093,エンゼルハイム鳥飼中央,4980,25,地下鉄空港線,唐人町,15,3LDK,75.68,福岡県福岡市中央区鳥飼１,https://suumo.jp//ms/chuko/fukuoka/sc_fukuokashichuo/nc_20786093/,,
20786690,トラスト福岡空港駅レジデンス,3890,2,地下鉄空港線,福岡空港,14,3LDK,67.85,福岡県糟屋郡志免町別府北４,https://suumo.jp//ms/chuko/fukuoka/sc_kasuyagunshime/nc_20786690/,,
20797510,ロマネスク今川第2,4290,28,地下鉄空港線,西新,7,3LDK,70.66,福岡県福岡市中央区今川２,https://suumo.jp//ms/chuko/fukuoka/sc_fukuokashichuo/nc_20797510/,,
20797881,オープンレジデンシア薬院白金,3500,3,地下鉄七隈線,薬院,8,1LDK,33.92,福岡県福岡市中央区白金２,https://suumo.jp//ms/chuko/fukuoka/sc_fukuokashichuo/nc_20797881/,,
20801795,グランフォーレラグゼ平尾,2999,15,地下鉄七隈線,薬院大通,15,1LDK,30.18,福岡県福岡市南区市崎１-17-25,https://suumo.jp//ms/chuko/fukuoka/sc_fukuokashiminami/nc_20801795/,,
20801900,藤和城西コーポ301号室,2699,52,地下鉄七隈線,別府,7,3LDK,84.5,福岡県福岡市城南区別府４,https://suumo.jp//ms/chuko/fukuoka/sc_fukuokashijonan/nc_20801900/,,
20804155,ハイライフ平尾,2250,49,地下鉄七隈線,薬院大通,14,1LDK,44.71,福岡県福岡市中央区平尾４-7-17,https://suumo.jp//ms/chuko/fukuoka/sc_fukuokashichuo/nc_20804155/,,
20804712,デュオヴェール薬院est,4580,5,西鉄天神大牟田線,薬院,7,2LDK,43.81,福岡県福岡市中央区高砂１,https://suumo.jp//ms/chuko/fukuoka/sc_fukuokashichuo/nc_20804712/,,
20805944,ブライト・サンリヤン藤崎二丁目,7490,14,地下鉄空港線,藤崎,9,4LDK,105.88,福岡県福岡市早良区藤崎２,https://suumo.jp//ms/chuko/fukuoka/sc_fukuokashisawara/nc_20805944/,,
20808256,警固ハウス,3190,71,地下鉄七隈線,薬院大通,8,3LDK,66.0,福岡県福岡市中央区警固１-15-15,https://suumo.jp//ms/chuko/fukuoka/sc_fukuokashichuo/nc_20808256/,,
20808315,ステイツ天神東,1999,36,地下鉄空港線,中洲川端,10,1LDK,40.97,福岡県福岡市博多区奈良屋町,https://suumo.jp//ms/chuko/fukuoka/sc_fukuokashihakata/nc_20808315/,,
20808718,ステイツ天神東,2049,36,地下鉄箱崎線,中洲川端,9,1LDK,40.97,福岡県福岡市博多区奈良屋町,https://suumo.jp//ms/chuko/fukuoka/sc_fukuokashihakata/nc_20808718/,,
20809700,ル・サンク高取,14800,12,地下鉄空港線,藤崎,9,4LDK,110.92,福岡県福岡市早良区高取１-14-18,https://suumo.jp//ms/chuko/fukuoka/sc_fukuokashisawara/nc_20809700/,,
20812912,サンポートハイツ304号室,2690,52,地下鉄空港線,大濠公園,8,2LDK,60.69,福岡県福岡市中央区港２,https://suumo.jp//ms/chuko/fukuoka/sc_fukuokashichuo/nc_20812912/,,
20819112,コアマンション大手門タワー,9498,23,地下鉄空港線,赤坂,6,3LDK,90.87,福岡県福岡市中央区大手門１,https://suumo.jp//ms/chuko/fukuoka/sc_fukuokashichuo/nc_20819112/,,
20822755,朝日プラザ天神,4499,40,地下鉄空港線,天神,6,3DK,55.5,福岡県福岡市中央区舞鶴１-9-3,https://suumo.jp//ms/chuko/fukuoka/sc_fukuokashichuo/nc_20822755/,,
20824198,大濠ハウス,2980,48,地下鉄七隈線,六本松,10,2LDK+S（納戸）,76.18,福岡県福岡市中央区草香江２,https://suumo.jp//ms/chuko/fukuoka/sc_fukuokashichuo/nc_20824198/,,
20824863,ライオンズマンション博多,980,45,地下鉄七隈線,櫛田神社前,4,ワンルーム,17.13,福岡県福岡市博多区博多駅前３,https://suumo.jp//ms/chuko/fukuoka/sc_fukuokashihakata/nc_20824863/,,
20826822,アクロス薬院レジーナガーデン,5980,7,西鉄天神大牟田線,薬院,9,2LDK,60.65,福岡県福岡市中央区高砂２,https://suumo.jp//ms/chuko/fukuoka/sc_fukuokashichuo/nc_20826822/,,
20828572,藤和城西コーポ,2749,52,地下鉄七隈線,別府,10,3LDK,84.5,福岡県福岡市城南区別府４,https://suumo.jp//ms/chuko/fukuoka/sc_fukuokashijonan/nc_20828572/,,
20835624,≪6月末完成しました≫ソピア大濠西,5480,27,地下鉄空港線,西新,10,3LDK,69.57,福岡県福岡市中央区鳥飼３,https://suumo.jp//ms/chuko/fukuoka/sc_fukuokashichuo/nc_20835624/,,
20837855,≪価格改定≫アートウィル赤坂,4780,32,地下鉄七隈線,桜坂,11,2LDK,65.61,福岡県福岡市中央区赤坂３,https://suumo.jp//ms/chuko/fukuoka/sc_fukuokashichuo/nc_20837855/,,
20840821,ニューライフ平尾,2978,45,西鉄天神大牟田線,薬院,8,3LDK,66.57,福岡県福岡市中央区平尾１-2-20,https://suumo.jp//ms/chuko/fukuoka/sc_fukuokashichuo/nc_20840821/,,
20841612,シャンボール高取,4580,46,地下鉄空港線,藤崎,6,3LDK+S（納戸）,85.9,福岡県福岡市早良区高取２,https://suumo.jp//ms/chuko/fukuoka/sc_fukuokashisawara/nc_20841612/,,
20842445,シティハウス六本松ツインタワーズ,6800,17,地下鉄七隈線,六本松,3,3LDK,75.8,福岡県福岡市中央区草香江２,https://suumo.jp//ms/chuko/fukuoka/sc_fukuokashichuo/nc_20842445/,,
20844164,グランドメゾン福岡THE Central Luxe,25000,1,西鉄天神大牟田線,薬院,4,3LDK,110.97,福岡県福岡市中央区渡辺通２,https://suumo.jp//ms/chuko/fukuoka/sc_fukuokashichuo/nc_20844164/,,
20845382,輝国住宅1号棟,1380,52,地下鉄七隈線,六本松,13,3LDK,65.68,福岡県福岡市中央区輝国２,https://suumo.jp//ms/chuko/fukuoka/sc_fukuokashichuo/nc_20845382/,,
20845713,グランドメゾン赤坂JOHSEKI,9500,4,地下鉄空港線,赤坂,12,2LDK,52.76,福岡県福岡市中央区赤坂２,https://suumo.jp//ms/chuko/fukuoka/sc_fukuokashichuo/nc_20845713/,,
20848007,ライオンズマンション西新第２,3598,39,地下鉄空港線,藤崎,5,3LDK,68.04,福岡県福岡市早良区西新７-1-41,https://suumo.jp//ms/chuko/fukuoka/sc_fukuokashisawara/nc_20848007/,,
20848052,アソシアビュー博多アドレス,6080,11,ＪＲ篠栗線,博多,13,3LDK,90.64,福岡県福岡市博多区豊１-1番3号,https://suumo.jp//ms/chuko/fukuoka/sc_fukuokashihakata/nc_20848052/,,
20851380,西新中央マンション,4349,43,地下鉄空港線,西新,6,3LDK,84.66,福岡県福岡市早良区西新７-1-7,https://suumo.jp//ms/chuko/fukuoka/sc_fukuokashisawara/nc_20851380/,,
20851652,東峰マンション第二西公園,6280,44,地下鉄空港線,唐人町,8,4LDK,103.54,福岡県福岡市中央区荒戸３,https://suumo.jp//ms/chuko/fukuoka/sc_fukuokashichuo/nc_20851652/,,
20859670,東峰マンション西公園,2780,48,地下鉄空港線,大濠公園,6,2LDK,48.59,福岡県福岡市中央区荒戸３-2-5,https://suumo.jp//ms/chuko/fukuoka/sc_fukuokashichuo/nc_20859670/,,
20862743,オープンレジデンシア博多住吉,5040,3,地下鉄七隈線,櫛田神社前,5,2LDK,45.81,福岡県福岡市博多区住吉２-7-1,https://suumo.jp//ms/chuko/fukuoka/sc_fukuokashihakata/nc_20862743/,,
20863593,警固ハウス,3190,46,地下鉄空港線,赤坂,10,3LDK,66.0,福岡県福岡市中央区警固１,https://suumo.jp//ms/chuko/fukuoka/sc_fukuokashichuo/nc_20863593/,,
20863777,ライオンズマンション薬院,2380,47,地下鉄七隈線,薬院大通,7,1LDK,40.87,福岡県福岡市中央区薬院３,https://suumo.jp//ms/chuko/fukuoka/sc_fukuokashichuo/nc_20863777/,,
20864651,ダイアパレスグランデージ大名,5990,28,地下鉄空港線,赤坂,7,2LDK,70.69,福岡県福岡市中央区大名１,https://suumo.jp//ms/chuko/fukuoka/sc_fukuokashichuo/nc_20864651/,,
20865211,オープンレジデンシア薬院白金,4150,3,西鉄天神大牟田線,薬院,8,1LDK,33.05,福岡県福岡市中央区白金２,https://suumo.jp//ms/chuko/fukuoka/sc_fukuokashichuo/nc_20865211/,,
20870523,サーパス大博通り,3499,36,地下鉄箱崎線,中洲川端,15,1LDK,48.39,福岡県福岡市博多区大博町5-27,https://suumo.jp//ms/chuko/fukuoka/sc_fukuokashihakata/nc_20870523/,,
20873029,ふよう港ハイツ,2890,44,地下鉄空港線,中洲川端,14,3LDK,69.43,福岡県福岡市博多区築港本町,https://suumo.jp//ms/chuko/fukuoka/sc_fukuokashihakata/nc_20873029/,,
20874229,グランドメゾン薬院,20000,13,地下鉄七隈線,薬院大通,3,4LDK,134.97,福岡県福岡市中央区薬院２,https://suumo.jp//ms/chuko/fukuoka/sc_fukuokashichuo/nc_20874229/,,
20876899,アクロス空港イーストステージ,4080,22,地下鉄空港線,福岡空港,11,4LDK,91.26,福岡県糟屋郡志免町別府西３,https://suumo.jp//ms/chuko/fukuoka/sc_kasuyagunshime/nc_20876899/,,
20877308,ジョイナス地行浜東,4760,20,地下鉄空港線,唐人町,11,2LDK,73.92,福岡県福岡市中央区伊崎,https://suumo.jp//ms/chuko/fukuoka/sc_fukuokashichuo/nc_20877308/,,
20884071,リベール博多駅前,3580,2,ＪＲ鹿児島本線,博多,9,1LDK,32.83,福岡県福岡市博多区博多駅前４,https://suumo.jp//ms/chuko/fukuoka/sc_fukuokashihakata/nc_20884071/,,
20884251,パレスト藤崎南,5490,23,地下鉄空港線,藤崎,13,3LDK,90.07,福岡県福岡市早良区原１,https://suumo.jp//ms/chuko/fukuoka/sc_fukuokashisawara/nc_20884251/,,
20884381,ライオンズシティ高砂,5590,24,地下鉄七隈線,薬院,7,4LDK,88.06,福岡県福岡市中央区高砂１,https://suumo.jp//ms/chuko/fukuoka/sc_fukuokashichuo/nc_20884381/,,
20884543,サンシャイン別府 ペット飼育可、室内美麗【担当：出田…,3490,47,地下鉄七隈線,別府,8,2LDK,85.62,福岡県福岡市城南区別府４,https://suumo.jp//ms/chuko/fukuoka/sc_fukuokashijonan/nc_20884543/,,
20884869,ロマネスク西公園第６,3790,35,地下鉄空港線,大濠公園,7,2LDK,52.24,福岡県福岡市中央区荒戸２-4-37,https://suumo.jp//ms/chuko/fukuoka/sc_fukuokashichuo/nc_20884869/,,
20886115,クリオラベルヴィ呉服町,4399,8,地下鉄空港線,中洲川端,12,2LDK,47.0,福岡県福岡市博多区下呉服町3-19,https://suumo.jp//ms/chuko/fukuoka/sc_fukuokashihakata/nc_20886115/,,
20890373,サントーア地行,5799,31,地下鉄空港線,唐人町,4,3LDK,72.0,福岡県福岡市中央区地行１,https://suumo.jp//ms/chuko/fukuoka/sc_fukuokashichuo/nc_20890373/,,
20891032,百道タワー,8200,22,地下鉄空港線,西新,9,2LDK,88.62,福岡県福岡市早良区百道浜１,https://suumo.jp//ms/chuko/fukuoka/sc_fukuokashisawara/nc_20891032/,,
20891377,ハイムニュー桜坂,2980,51,地下鉄七隈線,桜坂,5,3LDK,91.53,福岡県福岡市中央区桜坂３-4-28,https://suumo.jp//ms/chuko/fukuoka/sc_fukuokashichuo/nc_20891377/,,
20892786,ソレイユ赤坂南,5098,37,地下鉄七隈線,桜坂,7,3LDK,75.03,福岡県福岡市中央区六本松３,https://suumo.jp//ms/chuko/fukuoka/sc_fukuokashichuo/nc_20892786/,,
20893718,グレイス博多,2210,46,地下鉄空港線,東比恵,10,2LDK,63.53,福岡県福岡市博多区博多駅東３,https://suumo.jp//ms/chuko/fukuoka/sc_fukuokashihakata/nc_20893718/,,
20894851,ハイラーク舞鶴,3980,46,地下鉄空港線,赤坂,7,2LDK,67.98,福岡県福岡市中央区舞鶴１,https://suumo.jp//ms/chuko/fukuoka/sc_fukuokashichuo/nc_20894851/,,
20895176,シーサイドももちアクアコート8番館,5180,33,地下鉄空港線,藤崎,12,3LDK,81.53,福岡県福岡市早良区百道浜３,https://suumo.jp//ms/chuko/fukuoka/sc_fukuokashisawara/nc_20895176/,,
20896322,エンゼルハイム鳥飼中央,4980,25,地下鉄空港線,西新,15,3LDK,75.68,福岡県福岡市中央区鳥飼１,https://suumo.jp//ms/chuko/fukuoka/sc_fukuokashichuo/nc_20896322/,,
20897260,ネオグランデ赤坂,7680,25,地下鉄空港線,赤坂,9,3LDK,82.15,福岡県福岡市中央区赤坂２,https://suumo.jp//ms/chuko/fukuoka/sc_fukuokashichuo/nc_20897260/,,
20902271,コモダス奈良屋,4980,25,地下鉄空港線,中洲川端,12,2LDK,56.3,福岡県福岡市博多区奈良屋町,https://suumo.jp//ms/chuko/fukuoka/sc_fukuokashihakata/nc_20902271/,,
20904816,ゾンネンハイム大手門,1649,53,地下鉄空港線,大濠公園,7,1DK,33.0,福岡県福岡市中央区大手門２-5-10,https://suumo.jp//ms/chuko/fukuoka/sc_fukuokashichuo/nc_20904816/,,
20905823,アクロス六本松リル・グレイス,3480,3,地下鉄七隈線,六本松,6,1LDK,33.2,福岡県福岡市中央区草香江２,https://suumo.jp//ms/chuko/fukuoka/sc_fukuokashichuo/nc_20905823/,,
20905827,グリーンマンション薬院,6080,40,地下鉄七隈線,薬院大通,5,3LDK,88.26,福岡県福岡市中央区薬院２,https://suumo.jp//ms/chuko/fukuoka/sc_fukuokashichuo/nc_20905827/,,
20912694,オープンレジデンシア薬院南,3498,4,地下鉄七隈線,薬院大通,10,1LDK,34.54,福岡県福岡市中央区平尾３,https://suumo.jp//ms/chuko/fukuoka/sc_fukuokashichuo/nc_20912694/,,
20914350,アンピール百年橋,3980,31,地下鉄七隈線,渡辺通,15,3LDK,73.11,福岡県福岡市中央区清川３-9-23,https://suumo.jp//ms/chuko/fukuoka/sc_fukuokashichuo/nc_20914350/,,
20917050,ラフィネスシャトードゥ赤坂,3599,24,地下鉄空港線,大濠公園,7,1LDK,32.81,福岡県福岡市中央区大手門１,https://suumo.jp//ms/chuko/fukuoka/sc_fukuokashichuo/nc_20917050/,,
20918397,ロマネスク大濠アネックス,2999,39,地下鉄七隈線,別府,12,2LDK,59.65,福岡県福岡市中央区鳥飼２,https://suumo.jp//ms/chuko/fukuoka/sc_fukuokashichuo/nc_20918397/,,
20918607,モントーレ鳥飼ガーデン,5680,24,地下鉄七隈線,別府,5,3LDK,76.7,福岡県福岡市城南区鳥飼６,https://suumo.jp//ms/chuko/fukuoka/sc_fukuokashijonan/nc_20918607/,,
20919736,藤和コープソシエ大名,3490,47,地下鉄七隈線,天神南,8,2LDK,67.0,福岡県福岡市中央区大名１,https://suumo.jp//ms/chuko/fukuoka/sc_fukuokashichuo/nc_20919736/,,
20926886,ソレイユ赤坂南,6699,37,地下鉄七隈線,桜坂,6,4LDK,96.95,福岡県福岡市中央区六本松３,https://suumo.jp//ms/chuko/fukuoka/sc_fukuokashichuo/nc_20926886/,,
20926892,サヴォイ　ザ・リバーテラス,4599,20,地下鉄箱崎線,中洲川端,6,2LDK,49.89,福岡県福岡市博多区中洲中島町,https://suumo.jp//ms/chuko/fukuoka/sc_fukuokashihakata/nc_20926892/,,
20929098,Asobi＋　アーティックス大濠,7490,22,地下鉄七隈線,六本松,12,3LDK,85.8,福岡県福岡市中央区鳥飼１,https://suumo.jp//ms/chuko/fukuoka/sc_fukuokashichuo/nc_20929098/,,
20932930,コモダス天神,6080,29,地下鉄七隈線,薬院大通,6,2LDK,72.24,福岡県福岡市中央区今泉２,https://suumo.jp//ms/chuko/fukuoka/sc_fukuokashichuo/nc_20932930/,,
20933103,ロマネスク大濠公園,3980,41,地下鉄空港線,唐人町,6,2LDK,57.11,福岡県福岡市中央区大濠２,https://suumo.jp//ms/chuko/fukuoka/sc_fukuokashichuo/nc_20933103/,,
20933104,ライオンズヒルズ桜坂,8980,40,地下鉄七隈線,桜坂,3,3LDK,133.27,福岡県福岡市中央区桜坂３,https://suumo.jp//ms/chuko/fukuoka/sc_fukuokashichuo/nc_20933104/,,
20939138,アーバンパレスアクス大濠,5980,31,地下鉄空港線,大濠公園,7,3LDK,72.48,福岡県福岡市中央区荒戸３,https://suumo.jp//ms/chuko/fukuoka/sc_fukuokashichuo/nc_20939138/,,
20943175,サーパス城南,6890,20,地下鉄七隈線,別府,14,4LDK,94.85,福岡県福岡市城南区田島１-4-17,https://suumo.jp//ms/chuko/fukuoka/sc_fukuokashijonan/nc_20943175/,,
20946004,エクセレンス谷,2590,47,地下鉄七隈線,桜坂,6,2LDK,57.23,福岡県福岡市中央区谷１,https://suumo.jp//ms/chuko/fukuoka/sc_fukuokashichuo/nc_20946004/,,
20946419,アクタス渡辺通パークシティ,7480,16,地下鉄七隈線,渡辺通,9,3LDK,78.47,福岡県福岡市中央区清川２,https://suumo.jp//ms/chuko/fukuoka/sc_fukuokashichuo/nc_20946419/,,
20948701,スコーレ赤坂,4500,44,地下鉄空港線,赤坂,1,2LDK,74.92,福岡県福岡市中央区赤坂１,https://suumo.jp//ms/chuko/fukuoka/sc_fukuokashichuo/nc_20948701/,,
20952167,ミスモ薬院ネクスト,7500,0,地下鉄七隈線,薬院,6,2LDK,52.7,福岡県福岡市中央区高砂１,https://suumo.jp//ms/chuko/fukuoka/sc_fukuokashichuo/nc_20952167/,,
20952542,デュ・レジア薬院スタンス,5480,3,西鉄天神大牟田線,薬院,7,2LDK,43.0,福岡県福岡市中央区薬院３,https://suumo.jp//ms/chuko/fukuoka/sc_fukuokashichuo/nc_20952542/,,
20952706,ザ・パークハウス福岡タワーズＥＡＳＴ,12800,6,地下鉄空港線,唐人町,12,2LDK,83.96,福岡県福岡市中央区地行浜２,https://suumo.jp//ms/chuko/fukuoka/sc_fukuokashichuo/nc_20952706/,,
20952827,クラブエイリック藤崎南ザ・テラス,5980,13,地下鉄空港線,藤崎,12,2LDK,84.62,福岡県福岡市早良区原１,https://suumo.jp//ms/chuko/fukuoka/sc_fukuokashisawara/nc_20952827/,,
20954544,シーサイドももちアクアコート　８番館,5890,33,地下鉄空港線,藤崎,14,3LDK,105.56,福岡県福岡市早良区百道浜３,https://suumo.jp//ms/chuko/fukuoka/sc_fukuokashisawara/nc_20954544/,,
20954557,ライオンズタワー赤坂けやき通り,9280,19,地下鉄空港線,赤坂,10,3LDK,80.11,福岡県福岡市中央区赤坂２,https://suumo.jp//ms/chuko/fukuoka/sc_fukuokashichuo/nc_20954557/,,
20954558,デュ・レジア大濠,6390,6,地下鉄空港線,唐人町,2,2LDK,55.3,福岡県福岡市中央区黒門,https://suumo.jp//ms/chuko/fukuoka/sc_fukuokashichuo/nc_20954558/,,
20956553,六本松パークホームズ,7980,35,地下鉄七隈線,六本松,5,4LDK+S（納戸）,141.91,福岡県福岡市中央区梅光園１,https://suumo.jp//ms/chuko/fukuoka/sc_fukuokashichuo/nc_20956553/,,
20956713,コスモ博多古門戸,4399,23,地下鉄箱崎線,中洲川端,9,1LDK,54.49,福岡県福岡市博多区古門戸町10-5,https://suumo.jp//ms/chuko/fukuoka/sc_fukuokashihakata/nc_20956713/,,
20956755,ウェルリバービュー天神,6000,20,地下鉄空港線,中洲川端,8,3LDK,75.11,福岡県福岡市博多区中洲中島町3-15,https://suumo.jp//ms/chuko/fukuoka/sc_fukuokashihakata/nc_20956755/,,
20962480,サーパス城南,6890,19,地下鉄七隈線,別府,13,4LDK,94.85,福岡県福岡市城南区田島１,https://suumo.jp//ms/chuko/fukuoka/sc_fukuokashijonan/nc_20962480/,,
20962483,ライオンズマンション薬院第５,2980,44,地下鉄七隈線,薬院大通,2,1LDK,46.35,福岡県福岡市中央区薬院２,https://suumo.jp//ms/chuko/fukuoka/sc_fukuokashichuo/nc_20962483/,,
20968151,パーク・サンリヤン博多の森I・II番館,3730,23,地下鉄空港線,福岡空港,11,4LDK,89.13,福岡県糟屋郡志免町別府西２,https://suumo.jp//ms/chuko/fukuoka/sc_kasuyagunshime/nc_20968151/,,
20970626,シーサイドももちヴェルデコート６番館,6698,35,地下鉄空港線,藤崎,10,3LDK,94.47,福岡県福岡市早良区百道浜３,https://suumo.jp//ms/chuko/fukuoka/sc_fukuokashisawara/nc_20970626/,,
20975971,ライオンズマンション薬院第５,3180,44,地下鉄七隈線,薬院大通,3,2LDK,65.31,福岡県福岡市中央区薬院２,https://suumo.jp//ms/chuko/fukuoka/sc_fukuokashichuo/nc_20975971/,,
20976555,グランドメゾン福岡 The Central Luxe,13980,1,西鉄天神大牟田線,薬院,2,2LDK,77.39,福岡県福岡市中央区渡辺通２,https://suumo.jp//ms/chuko/fukuoka/sc_fukuokashichuo/nc_20976555/,,
20978060,グランドメゾン薬院,20000,13,地下鉄七隈線,薬院大通,3,4LDK+S（納戸）,139.56,福岡県福岡市中央区薬院２,https://suumo.jp//ms/chuko/fukuoka/sc_fukuokashichuo/nc_20978060/,,
20979544,第７プリンスマンション,680,39,地下鉄七隈線,渡辺通,9,1DK,25.2,福岡県福岡市中央区高砂１-15-23,https://suumo.jp//ms/chuko/fukuoka/sc_fukuokashichuo/nc_20979544/,,
20980712,ラフィネスネオシティ平尾,980,25,西鉄天神大牟田線,薬院,13,ワンルーム,23.4,福岡県福岡市中央区大宮２,https://suumo.jp//ms/chuko/fukuoka/sc_fukuokashichuo/nc_20980712/,,
20983713,Brillia平尾浄水,10800,17,地下鉄七隈線,薬院大通,11,3LDK+2S（納戸）,127.99,福岡県福岡市中央区平尾浄水町,https://suumo.jp//ms/chuko/fukuoka/sc_fukuokashichuo/nc_20983713/,,
20985236,シャトレ平尾　リ ノ ベ,5680,41,西鉄天神大牟田線,薬院,8,3LDK,88.92,福岡県福岡市中央区平尾１-12-6,https://suumo.jp//ms/chuko/fukuoka/sc_fukuokashichuo/nc_20985236/,,
20988650,日商岩井今泉マンション,3830,52,西鉄天神大牟田線,薬院,8,3LDK,78.75,福岡県福岡市中央区今泉２-1-28,https://suumo.jp//ms/chuko/fukuoka/sc_fukuokashichuo/nc_20988650/,,
20989556,グランアーキ大濠一丁目ザ・レジデンス,16000,5,地下鉄空港線,唐人町,14,2LDK,77.83,福岡県福岡市中央区大濠１-6-33,https://suumo.jp//ms/chuko/fukuoka/sc_fukuokashichuo/nc_20989556/,,
20993568,シャンボール大濠,3600,48,地下鉄空港線,西新,10,2LDK,74.88,福岡県福岡市中央区鳥飼３,https://suumo.jp//ms/chuko/fukuoka/sc_fukuokashichuo/nc_20993568/,,
21001095,ロマネスク奈良屋,4000,44,地下鉄空港線,中洲川端,5,1LDK,50.06,福岡県福岡市博多区須崎町,https://suumo.jp//ms/chuko/fukuoka/sc_fukuokashihakata/nc_21001095/,,
21004848,グランドメゾン浄水ガーデンシティサウスフォレスト,14980,11,地下鉄七隈線,薬院大通,6,3LDK,100.0,福岡県福岡市中央区薬院４,https://suumo.jp//ms/chuko/fukuoka/sc_fukuokashichuo/nc_21004848/,,
21006243,アドリーム西新二丁目,6790,29,地下鉄空港線,西新,6,2LDK+S（納戸）,72.59,福岡県福岡市早良区西新２,https://suumo.jp//ms/chuko/fukuoka/sc_fukuokashisawara/nc_21006243/,,
21013233,サニークレスト荒江,1580,44,地下鉄七隈線,別府,14,3LDK,81.47,福岡県福岡市城南区荒江１,https://suumo.jp//ms/chuko/fukuoka/sc_fukuokashijonan/nc_21013233/,,
21014895,グラン・コート薬院,5780,28,西鉄天神大牟田線,薬院,4,3LDK,66.92,福岡県福岡市中央区薬院１-15-8,https://suumo.jp//ms/chuko/fukuoka/sc_fukuokashichuo/nc_21014895/,,
21019427,アクロス天神センタープラザ,7450,21,地下鉄七隈線,渡辺通,5,4LDK,82.26,福岡県福岡市中央区渡辺通３,https://suumo.jp//ms/chuko/fukuoka/sc_fukuokashichuo/nc_21019427/,,
21020056,クレアランドマーク,3480,25,地下鉄空港線,祇園,4,1LDK,40.43,福岡県福岡市博多区冷泉町,https://suumo.jp//ms/chuko/fukuoka/sc_fukuokashihakata/nc_21020056/,,
21020872,シーサイドももちヴェルデコート　６番館,6780,35,地下鉄空港線,藤崎,11,3LDK,94.47,福岡県福岡市早良区百道浜３,https://suumo.jp//ms/chuko/fukuoka/sc_fukuokashisawara/nc_21020872/,,
21022638,アルテマインド浄水平丘,10800,16,地下鉄七隈線,薬院大通,9,3LDK,94.63,福岡県福岡市中央区平丘町,https://suumo.jp//ms/chuko/fukuoka/sc_fukuokashichuo/nc_21022638/,,
21023626,プレミスト赤坂けやき通り,6480,3,地下鉄空港線,赤坂,10,2LDK,47.69,福岡県福岡市中央区赤坂２,https://suumo.jp//ms/chuko/fukuoka/sc_fukuokashichuo/nc_21023626/,,
21027832,オープンレジデンシア博多空港通り,3390,2,ＪＲ鹿児島本線,博多,9,1LDK,34.38,福岡県福岡市博多区東光２,https://suumo.jp//ms/chuko/fukuoka/sc_fukuokashihakata/nc_21027832/,,
21028015,ソピア天神,6480,27,地下鉄空港線,赤坂,10,2LDK+S（納戸）,74.0,福岡県福岡市中央区警固１,https://suumo.jp//ms/chuko/fukuoka/sc_fukuokashichuo/nc_21028015/,,
21029230,ロマネスク六本松第２　Ａ棟,4990,39,地下鉄七隈線,六本松,4,3LDK,78.12,福岡県福岡市中央区谷１,https://suumo.jp//ms/chuko/fukuoka/sc_fukuokashichuo/nc_21029230/,,
21029231,グランドメゾン薬院ザ・タワーレジデンス,7290,4,地下鉄七隈線,薬院大通,5,1LDK,53.67,福岡県福岡市中央区薬院３,https://suumo.jp//ms/chuko/fukuoka/sc_fukuokashichuo/nc_21029231/,,
21029594,アクロス天神セントラルグロー,4350,3,地下鉄七隈線,渡辺通,6,2LDK,44.4,福岡県福岡市中央区春吉２,https://suumo.jp//ms/chuko/fukuoka/sc_fukuokashichuo/nc_21029594/,,
21029911,ザ・パークハウス桜坂サンリヤン,8750,8,地下鉄七隈線,桜坂,3,3LDK,73.6,福岡県福岡市中央区桜坂３,https://suumo.jp//ms/chuko/fukuoka/sc_fukuokashichuo/nc_21029911/,,
21029912,ザ・パークハウス福岡タワーズ　EAST,8500,6,地下鉄空港線,唐人町,12,3LDK,74.25,福岡県福岡市中央区地行浜２,https://suumo.jp//ms/chuko/fukuoka/sc_fukuokashichuo/nc_21029912/,,
21031110,グランフォーレ西新,3290,20,地下鉄空港線,西新,6,1LDK,40.05,福岡県福岡市早良区城西１,https://suumo.jp//ms/chuko/fukuoka/sc_fukuokashisawara/nc_21031110/,,
21032451,パレスト・リッツガーデン百道,7980,9,地下鉄空港線,藤崎,9,3LDK,81.21,福岡県福岡市早良区西新７,https://suumo.jp//ms/chuko/fukuoka/sc_fukuokashisawara/nc_21032451/,,
21035179,ロワールマンション西公園東,7780,27,地下鉄空港線,大濠公園,6,3LDK,79.89,福岡県福岡市中央区港２,https://suumo.jp//ms/chuko/fukuoka/sc_fukuokashichuo/nc_21035179/,,
21035180,コモダス天神,4980,29,地下鉄七隈線,薬院大通,6,2LDK,58.3,福岡県福岡市中央区今泉２,https://suumo.jp//ms/chuko/fukuoka/sc_fukuokashichuo/nc_21035180/,,
21037245,輝国住宅1号棟,2180,52,地下鉄七隈線,六本松,14,3LDK,65.68,福岡県福岡市中央区輝国２-12-12,https://suumo.jp//ms/chuko/fukuoka/sc_fukuokashichuo/nc_21037245/,,
21038999,エンクレストベイサイド通り,4499,4,地下鉄空港線,中洲川端,14,1LDK+S（納戸）,54.65,福岡県福岡市博多区築港本町7-14,https://suumo.jp//ms/chuko/fukuoka/sc_fukuokashihakata/nc_21038999/,,
21039687,赤坂エクセル,3349,52,地下鉄空港線,赤坂,3,2LDK,79.5,福岡県福岡市中央区赤坂１-8-26,https://suumo.jp//ms/chuko/fukuoka/sc_fukuokashichuo/nc_21039687/,,
21044780,チサンマンション西公園,4480,42,地下鉄空港線,大濠公園,8,3LDK,68.59,福岡県福岡市中央区荒戸２,https://suumo.jp//ms/chuko/fukuoka/sc_fukuokashichuo/nc_21044780/,,
21045223,アーバンパレスアクス大濠,7480,31,地下鉄空港線,唐人町,6,3LDK,95.62,福岡県福岡市中央区荒戸３,https://suumo.jp//ms/chuko/fukuoka/sc_fukuokashichuo/nc_21045223/,,
21045538,ライオンズマンション警固南,3990,43,地下鉄七隈線,薬院大通,6,2LDK,67.43,福岡県福岡市中央区薬院２,https://suumo.jp//ms/chuko/fukuoka/sc_fukuokashichuo/nc_21045538/,,
21046422,ロイヤルマンションユトリテ田島,5280,21,地下鉄七隈線,別府,13,3LDK+S（納戸）,91.98,福岡県福岡市城南区田島１-4-18,https://suumo.jp//ms/chuko/fukuoka/sc_fukuokashijonan/nc_21046422/,,
21046485,ファーネスト茶山駅前,6980,19,地下鉄七隈線,別府,13,4LDK,123.33,福岡県福岡市城南区別府６,https://suumo.jp//ms/chuko/fukuoka/sc_fukuokashijonan/nc_21046485/,,
21049132,トーカンマンション今泉,4390,46,西鉄天神大牟田線,薬院,8,2LDK,83.68,福岡県福岡市中央区今泉１,https://suumo.jp//ms/chuko/fukuoka/sc_fukuokashichuo/nc_21049132/,,
21052728,ライオンズマンション薬院第３,3090,46,地下鉄七隈線,薬院大通,7,2LDK,56.1,福岡県福岡市中央区薬院３,https://suumo.jp//ms/chuko/fukuoka/sc_fukuokashichuo/nc_21052728/,,
21053033,コアマンション百道プレジオ,8100,20,地下鉄空港線,藤崎,10,3LDK+S（納戸）,92.92,福岡県福岡市早良区百道１,https://suumo.jp//ms/chuko/fukuoka/sc_fukuokashisawara/nc_21053033/,,
21054603,グランドメゾン大濠公園ザ・タワーレジデンス,8480,5,地下鉄空港線,大濠公園,6,2LDK,52.83,福岡県福岡市中央区荒戸２,https://suumo.jp//ms/chuko/fukuoka/sc_fukuokashichuo/nc_21054603/,,
21054604,モントーレセントラルベイコート,6980,12,地下鉄空港線,大濠公園,10,2LDK+S（納戸）,68.07,福岡県福岡市中央区長浜３,https://suumo.jp//ms/chuko/fukuoka/sc_fukuokashichuo/nc_21054604/,,
21056077,薬院中央パーク・ホームズ　ウエストコート,7620,28,地下鉄七隈線,薬院大通,2,4LDK,84.58,福岡県福岡市中央区薬院２,https://suumo.jp//ms/chuko/fukuoka/sc_fukuokashichuo/nc_21056077/,,
21056078,薬院中央パーク・ホームズ　イーストコート,5820,29,地下鉄七隈線,薬院大通,3,3LDK,68.07,福岡県福岡市中央区薬院２,https://suumo.jp//ms/chuko/fukuoka/sc_fukuokashichuo/nc_21056078/,,
21062175,グランドサンリヤン大濠公園パークビュー,8780,21,地下鉄七隈線,六本松,9,3LDK,96.91,福岡県福岡市中央区草香江１,https://suumo.jp//ms/chuko/fukuoka/sc_fukuokashichuo/nc_21062175/,,
21062556,ダイアパレスグランデージ大名,18500,28,地下鉄空港線,赤坂,6,4LDK,174.55,福岡県福岡市中央区大名１,https://suumo.jp//ms/chuko/fukuoka/sc_fukuokashichuo/nc_21062556/,,
21063084,グランドメゾン藤崎,3990,43,地下鉄空港線,藤崎,2,2LDK,64.8,福岡県福岡市早良区高取２,https://suumo.jp//ms/chuko/fukuoka/sc_fukuokashisawara/nc_21063084/,,
21066671,デュ・レジア大濠,3980,6,地下鉄空港線,唐人町,2,ワンルーム,35.56,福岡県福岡市中央区黒門,https://suumo.jp//ms/chuko/fukuoka/sc_fukuokashichuo/nc_21066671/,,
21069711,カーサ第弐博多,2780,45,地下鉄七隈線,櫛田神社前,9,1LDK,55.27,福岡県福岡市博多区住吉２,https://suumo.jp//ms/chuko/fukuoka/sc_fukuokashihakata/nc_21069711/,,
21069925,グランディア百道浜通り,6580,20,地下鉄空港線,西新,8,3LDK,68.66,福岡県福岡市早良区西新２-23-12,https://suumo.jp//ms/chuko/fukuoka/sc_fukuokashisawara/nc_21069925/,,
21070577,グランドメゾン浄水ガーデンシティ　サウスフォレスト,14980,11,地下鉄七隈線,薬院大通,7,3LDK,81.14,福岡県福岡市中央区薬院４,https://suumo.jp//ms/chuko/fukuoka/sc_fukuokashichuo/nc_21070577/,,
21070976,JGMロイヤルガーデン浄水通,9370,22,地下鉄七隈線,薬院大通,8,3LDK,94.45,福岡県福岡市中央区浄水通２－１,https://suumo.jp//ms/chuko/fukuoka/sc_fukuokashichuo/nc_21070976/,,
21073185,コーポラス東光,1050,52,地下鉄空港線,東比恵,8,2LDK,53.22,福岡県福岡市博多区東光２,https://suumo.jp//ms/chuko/fukuoka/sc_fukuokashihakata/nc_21073185/,,
21074142,リーベスト祖原公園アソシア,5680,27,地下鉄空港線,西新,12,3LDK,80.96,福岡県福岡市早良区昭代１,https://suumo.jp//ms/chuko/fukuoka/sc_fukuokashisawara/nc_21074142/,,
21077488,グランド・サンリヤン百道一丁目,6480,3,地下鉄空港線,藤崎,9,3LDK,68.13,福岡県福岡市早良区百道１,https://suumo.jp//ms/chuko/fukuoka/sc_fukuokashisawara/nc_21077488/,,
21077528,ＭＪＲ大手門タワーレジデンス,6480,16,地下鉄空港線,大濠公園,9,2LDK,65.57,福岡県福岡市中央区大手門２,https://suumo.jp//ms/chuko/fukuoka/sc_fukuokashichuo/nc_21077528/,,
21077565,ＭＪＲ百道二丁目,7480,19,地下鉄空港線,藤崎,5,3LDK,91.74,福岡県福岡市早良区百道２,https://suumo.jp//ms/chuko/fukuoka/sc_fukuokashisawara/nc_21077565/,,
21078519,パークホームズ大濠公園フロント,7680,1,地下鉄空港線,大濠公園,2,2LDK,53.61,福岡県福岡市中央区荒戸１,https://suumo.jp//ms/chuko/fukuoka/sc_fukuokashichuo/nc_21078519/,,
21079958,サヴォイ　ザ・リバーテラス,4599,20,地下鉄空港線,天神,10,2LDK,49.89,福岡県福岡市博多区中洲中島町,https://suumo.jp//ms/chuko/fukuoka/sc_fukuokashihakata/nc_21079958/,,
21081052,アダージュ薬院壱番館,7700,24,地下鉄七隈線,薬院大通,2,2LDK,77.07,福岡県福岡市中央区薬院２-5-42,https://suumo.jp//ms/chuko/fukuoka/sc_fukuokashichuo/nc_21081052/,,
21081925,メゾン高砂,3498,48,地下鉄七隈線,渡辺通,12,3LDK,80.13,福岡県福岡市中央区高砂２,https://suumo.jp//ms/chuko/fukuoka/sc_fukuokashichuo/nc_21081925/,,
21084676,コアマンション百道プレジオ,7480,20,地下鉄空港線,藤崎,8,3LDK,92.96,福岡県福岡市早良区百道１,https://suumo.jp//ms/chuko/fukuoka/sc_fukuokashisawara/nc_21084676/,,
21084677,グランフォーレ西新レジデンス,9995,9,地下鉄空港線,西新,4,3LDK,90.01,福岡県福岡市早良区西新２,https://suumo.jp//ms/chuko/fukuoka/sc_fukuokashisawara/nc_21084677/,,
21084721,プレミスト赤坂けやき通り,25000,3,地下鉄空港線,赤坂,10,3LDK,103.83,福岡県福岡市中央区赤坂２,https://suumo.jp//ms/chuko/fukuoka/sc_fukuokashichuo/nc_21084721/,,
21084728,グランピア田島,2990,33,地下鉄七隈線,別府,11,3LDK,62.71,福岡県福岡市城南区田島１,https://suumo.jp//ms/chuko/fukuoka/sc_fukuokashijonan/nc_21084728/,,
21085176,ロワールマンション西公園東,6800,27,地下鉄空港線,大濠公園,6,3LDK,70.17,福岡県福岡市中央区港２,https://suumo.jp//ms/chuko/fukuoka/sc_fukuokashichuo/nc_21085176/,,
21085432,シティタワー西新,6580,14,地下鉄空港線,西新,3,2LDK,57.37,福岡県福岡市早良区城西３,https://suumo.jp//ms/chuko/fukuoka/sc_fukuokashisawara/nc_21085432/,,
21085435,グランドメゾン浄水ガーデンシティフォレストゲートⅡ,13380,8,地下鉄七隈線,薬院大通,5,3LDK,83.23,福岡県福岡市中央区薬院４,https://suumo.jp//ms/chuko/fukuoka/sc_fukuokashichuo/nc_21085435/,,
21085436,プレミスト平尾浄水オークハウス,9980,16,地下鉄七隈線,薬院大通,14,4LDK,115.05,福岡県福岡市中央区平尾浄水町,https://suumo.jp//ms/chuko/fukuoka/sc_fukuokashichuo/nc_21085436/,,
21085719,東カングランドマンション大濠パークサイド,2980,52,地下鉄七隈線,六本松,13,2LDK,55.0,福岡県福岡市中央区鳥飼１-4-58,https://suumo.jp//ms/chuko/fukuoka/sc_fukuokashichuo/nc_21085719/,,
21088346,ファミール輝国,2990,42,地下鉄七隈線,六本松,15,3LDK+S（納戸）,81.6,福岡県福岡市中央区輝国２,https://suumo.jp//ms/chuko/fukuoka/sc_fukuokashichuo/nc_21088346/,,
21089824,警固ハウス,2999,46,地下鉄七隈線,薬院大通,8,2LDK,66.0,福岡県福岡市中央区警固１-15-15,https://suumo.jp//ms/chuko/fukuoka/sc_fukuokashichuo/nc_21089824/,,
21093790,コスモシティ地行,6400,24,地下鉄空港線,唐人町,5,3LDK,84.04,福岡県福岡市中央区地行４,https://suumo.jp//ms/chuko/fukuoka/sc_fukuokashichuo/nc_21093790/,,
21094464,アソシアタワー大濠ベネフィス,8690,21,地下鉄空港線,大濠公園,8,4LDK,92.04,福岡県福岡市中央区荒戸３,https://suumo.jp//ms/chuko/fukuoka/sc_fukuokashichuo/nc_21094464/,,
21095893,アクロス大濠公園グランビュー,15000,1,地下鉄空港線,唐人町,3,3LDK,68.02,福岡県福岡市中央区黒門,https://suumo.jp//ms/chuko/fukuoka/sc_fukuokashichuo/nc_21095893/,,
21096471,ロワール赤坂けやき通り,6480,21,地下鉄七隈線,桜坂,9,4LDK,83.6,福岡県福岡市中央区赤坂３,https://suumo.jp//ms/chuko/fukuoka/sc_fukuokashichuo/nc_21096471/,,
21097444,ニューライフ西公園,4980,44,地下鉄空港線,唐人町,10,3LDK+S（納戸）,86.57,福岡県福岡市中央区荒戸３,https://suumo.jp//ms/chuko/fukuoka/sc_fukuokashichuo/nc_21097444/,,
21099018,グランドメゾン福岡　Ｔｈｅ　Ｃｅｎｔｒａｌ　Ｌｕｘｅ,15000,1,西鉄天神大牟田線,薬院,3,1LDK,67.67,福岡県福岡市中央区渡辺通２,https://suumo.jp//ms/chuko/fukuoka/sc_fukuokashichuo/nc_21099018/,,
21099765,シャンボール大名 D棟,3500,44,地下鉄空港線,赤坂,3,3DK,58.88,福岡県福岡市中央区大名２,https://suumo.jp//ms/chuko/fukuoka/sc_fukuokashichuo/nc_21099765/,,
21104109,サングレート別府アカデミニアム,6980,19,地下鉄七隈線,別府,3,3LDK,81.56,福岡県福岡市城南区別府４,https://suumo.jp//ms/chuko/fukuoka/sc_fukuokashijonan/nc_21104109/,,
21104833,ライオンズプラザ大濠公園,5780,31,地下鉄空港線,唐人町,6,3LDK,66.63,福岡県福岡市中央区荒戸３-2-41,https://suumo.jp//ms/chuko/fukuoka/sc_fukuokashichuo/nc_21104833/,,
21105486,カーサ第２博多,2780,45,地下鉄七隈線,渡辺通,10,1LDK,55.27,福岡県福岡市博多区住吉２,https://suumo.jp//ms/chuko/fukuoka/sc_fukuokashihakata/nc_21105486/,,
21106120,デュオヴェール平尾,3280,3,地下鉄七隈線,薬院,13,1LDK,34.05,福岡県福岡市中央区平尾２-２０－３８,https://suumo.jp//ms/chuko/fukuoka/sc_fukuokashichuo/nc_21106120/,,
21107656,ダイアパレス大濠公園Ⅱ,5999,30,地下鉄空港線,大濠公園,6,3LDK,70.92,福岡県福岡市中央区荒戸２-2-32,https://suumo.jp//ms/chuko/fukuoka/sc_fukuokashichuo/nc_21107656/,,
21110100,朝日プラザ高取,2680,41,地下鉄空港線,藤崎,2,2LDK,49.37,福岡県福岡市早良区高取２,https://suumo.jp//ms/chuko/fukuoka/sc_fukuokashisawara/nc_21110100/,,
21110399,グランフォーレラグゼ平尾,2999,15,地下鉄七隈線,薬院,15,1LDK,30.18,福岡県福岡市南区市崎１,https://suumo.jp//ms/chuko/fukuoka/sc_fukuokashiminami/nc_21110399/,,
21112525,デュレジア薬院スタンス,8980,3,西鉄天神大牟田線,薬院,6,2LDK,60.22,福岡県福岡市中央区薬院３,https://suumo.jp//ms/chuko/fukuoka/sc_fukuokashichuo/nc_21112525/,,
21112651,ロワールマンション赤坂,1980,41,地下鉄空港線,赤坂,12,2LDK,51.03,福岡県福岡市中央区赤坂３,https://suumo.jp//ms/chuko/fukuoka/sc_fukuokashichuo/nc_21112651/,,
21113400,プレサンスロジェ薬院二丁目,7980,6,地下鉄七隈線,薬院大通,3,2LDK+S（納戸）,65.57,福岡県福岡市中央区薬院２,https://suumo.jp//ms/chuko/fukuoka/sc_fukuokashichuo/nc_21113400/,,
21113605,ファミール輝国,2990,42,地下鉄七隈線,六本松,15,3LDK+S（納戸）,91.6,福岡県福岡市中央区輝国２,https://suumo.jp//ms/chuko/fukuoka/sc_fukuokashichuo/nc_21113605/,,
21115582,浄水通りパーク・ホームズ,5599,32,地下鉄七隈線,薬院大通,4,3LDK,61.48,福岡県福岡市中央区薬院４-6-7,https://suumo.jp//ms/chuko/fukuoka/sc_fukuokashichuo/nc_21115582/,,
21116231,ヒューマインド博多駅東ネクスタイル,5999,21,地下鉄空港線,東比恵,5,3LDK,80.11,福岡県福岡市博多区東比恵３,https://suumo.jp//ms/chuko/fukuoka/sc_fukuokashihakata/nc_21116231/,,
21116549,エステートマンション大濠・相羽ビル,6380,40,地下鉄七隈線,六本松,9,3LDK,102.26,福岡県福岡市中央区大濠１,https://suumo.jp//ms/chuko/fukuoka/sc_fukuokashichuo/nc_21116549/,,
21117416,ダイアパレス赤坂,8999,25,地下鉄空港線,赤坂,9,4LDK,88.58,福岡県福岡市中央区赤坂２,https://suumo.jp//ms/chuko/fukuoka/sc_fukuokashichuo/nc_21117416/,,
21120042,ロマネスク浄水通り,4990,40,地下鉄七隈線,薬院大通,5,3LDK,91.98,福岡県福岡市中央区薬院４,https://suumo.jp//ms/chuko/fukuoka/sc_fukuokashichuo/nc_21120042/,,
21120491,コスモ六本松シティフォルム,6980,26,地下鉄七隈線,六本松,4,3LDK,69.02,福岡県福岡市中央区草香江２,https://suumo.jp//ms/chuko/fukuoka/sc_fukuokashichuo/nc_21120491/,,
21120571,ザ・パークハウス桜坂サンリヤン,7480,8,地下鉄七隈線,桜坂,3,2LDK,62.55,福岡県福岡市中央区桜坂３,https://suumo.jp//ms/chuko/fukuoka/sc_fukuokashichuo/nc_21120571/,,
21126510,エンクレスト博多駅南ＦＩＴ,4950,4,地下鉄空港線,博多,14,2LDK,49.54,福岡県福岡市博多区博多駅南２,https://suumo.jp//ms/chuko/fukuoka/sc_fukuokashihakata/nc_21126510/,,
21126511,グランフォーレラグゼ博多,3390,13,地下鉄空港線,中洲川端,10,2LDK,47.02,福岡県福岡市博多区奈良屋町,https://suumo.jp//ms/chuko/fukuoka/sc_fukuokashihakata/nc_21126511/,,
21126548,サングレート博多駅南センターステージ,5380,26,ＪＲ鹿児島本線,博多,13,2LDK,60.91,福岡県福岡市博多区博多駅南２,https://suumo.jp//ms/chuko/fukuoka/sc_fukuokashihakata/nc_21126548/,,
21126561,大濠公園パーク・ホームズ,6880,26,地下鉄空港線,唐人町,8,3LDK,71.19,福岡県福岡市中央区今川１,https://suumo.jp//ms/chuko/fukuoka/sc_fukuokashichuo/nc_21126561/,,
21126879,東急ドエルアルス桜坂,4980,30,地下鉄七隈線,桜坂,6,3LDK,68.03,福岡県福岡市中央区桜坂１,https://suumo.jp//ms/chuko/fukuoka/sc_fukuokashichuo/nc_21126879/,,
21127107,ライフピア舞鶴,3549,44,地下鉄空港線,赤坂,7,2LDK,72.3,福岡県福岡市中央区舞鶴３,https://suumo.jp//ms/chuko/fukuoka/sc_fukuokashichuo/nc_21127107/,,
21127150,アクセス天神Ⅱ,6480,25,西鉄天神大牟田線,薬院,5,3LDK,70.3,福岡県福岡市中央区今泉１,https://suumo.jp//ms/chuko/fukuoka/sc_fukuokashichuo/nc_21127150/,,
21128467,アメックス大手門ツインビュー,7980,21,地下鉄空港線,赤坂,8,3LDK,86.54,福岡県福岡市中央区大手門２,https://suumo.jp//ms/chuko/fukuoka/sc_fukuokashichuo/nc_21128467/,,
21136400,ル・サンク高取,6980,12,地下鉄空港線,藤崎,7,3LDK,80.89,福岡県福岡市早良区高取１,https://suumo.jp//ms/chuko/fukuoka/sc_fukuokashisawara/nc_21136400/,,
21137297,ペルル大濠公園,6299,27,地下鉄空港線,大濠公園,9,3LDK,75.74,福岡県福岡市中央区荒戸３,https://suumo.jp//ms/chuko/fukuoka/sc_fukuokashichuo/nc_21137297/,,
21138077,プレミスト平尾１丁目,10200,12,西鉄天神大牟田線,薬院,3,3LDK,90.22,福岡県福岡市中央区平尾１-3番38号,https://suumo.jp//ms/chuko/fukuoka/sc_fukuokashichuo/nc_21138077/,,
21138771,第7プリンスマンション,2745,48,地下鉄七隈線,渡辺通,10,3LDK,77.93,福岡県福岡市中央区高砂１-15,https://suumo.jp//ms/chuko/fukuoka/sc_fukuokashichuo/nc_21138771/,,
21143211,ダイアパレス大名第２,3360,40,地下鉄空港線,赤坂,5,1LDK,63.0,福岡県福岡市中央区大名１-8-32,https://suumo.jp//ms/chuko/fukuoka/sc_fukuokashichuo/nc_21143211/,,
21143214,ジオ・イニシア博多駅前,6980,17,ＪＲ鹿児島本線,博多,11,3LDK,75.35,福岡県福岡市博多区博多駅前４,https://suumo.jp//ms/chuko/fukuoka/sc_fukuokashihakata/nc_21143214/,,
21143432,ヴィザージュ大濠西,3580,39,地下鉄七隈線,六本松,10,3LDK,70.69,福岡県福岡市中央区草香江２,https://suumo.jp//ms/chuko/fukuoka/sc_fukuokashichuo/nc_21143432/,,
21143463,ロマネスク西新第2,750,37,地下鉄空港線,西新,9,ワンルーム,20.44,福岡県福岡市早良区城西３,https://suumo.jp//ms/chuko/fukuoka/sc_fukuokashisawara/nc_21143463/,,
21144719,シーサイドももちイーストステージ　１号棟,6180,36,地下鉄空港線,西新,14,3LDK,90.76,福岡県福岡市早良区百道浜１,https://suumo.jp//ms/chuko/fukuoka/sc_fukuokashisawara/nc_21144719/,,
21144720,東峰マンション空港通り,3450,28,地下鉄空港線,東比恵,12,3LDK,78.82,福岡県福岡市博多区豊１,https://suumo.jp//ms/chuko/fukuoka/sc_fukuokashihakata/nc_21144720/,,
21145440,MJR六本松,15000,9,地下鉄七隈線,六本松,2,4LDK,92.61,福岡県福岡市中央区六本松４,https://suumo.jp//ms/chuko/fukuoka/sc_fukuokashichuo/nc_21145440/,,
21146325,東カングランドマンション大濠パークサイド,2980,52,地下鉄空港線,唐人町,14,2LDK,55.0,福岡県福岡市中央区鳥飼１,https://suumo.jp//ms/chuko/fukuoka/sc_fukuokashichuo/nc_21146325/,,
21146766,ザ・ライオンズ大濠公園,26000,2,地下鉄空港線,大濠公園,2,2LDK+S（納戸）,116.11,福岡県福岡市中央区荒戸１,https://suumo.jp//ms/chuko/fukuoka/sc_fukuokashichuo/nc_21146766/,,
21147158,ザ・パークハウス赤坂タワーレジデンス,8900,7,地下鉄空港線,赤坂,8,3LDK,75.6,福岡県福岡市中央区長浜２,https://suumo.jp//ms/chuko/fukuoka/sc_fukuokashichuo/nc_21147158/,,
21147524,ハイツ大手門,4298,44,地下鉄空港線,大濠公園,5,3LDK,67.63,福岡県福岡市中央区大手門２,https://suumo.jp//ms/chuko/fukuoka/sc_fukuokashichuo/nc_21147524/,,
21149220,コーポ大濠,4580,41,地下鉄空港線,大濠公園,2,3LDK,149.22,福岡県福岡市中央区荒戸１,https://suumo.jp//ms/chuko/fukuoka/sc_fukuokashichuo/nc_21149220/,,
21149359,ライオンズマンション赤坂,5180,47,地下鉄空港線,赤坂,8,3LDK,78.98,福岡県福岡市中央区赤坂２,https://suumo.jp//ms/chuko/fukuoka/sc_fukuokashichuo/nc_21149359/,,
21149750,第7プリンスマンション,2740,48,地下鉄七隈線,渡辺通,7,3LDK,77.93,福岡県福岡市中央区高砂１,https://suumo.jp//ms/chuko/fukuoka/sc_fukuokashichuo/nc_21149750/,,
21150902,エステートマンション大濠グランディール,6699,35,地下鉄空港線,西新,12,3LDK,85.23,福岡県福岡市中央区今川２-7-52,https://suumo.jp//ms/chuko/fukuoka/sc_fukuokashichuo/nc_21150902/,,
21154417,ザ・ライオンズ大濠公園,10980,2,地下鉄空港線,大濠公園,2,2LDK,61.77,福岡県福岡市中央区荒戸１,https://suumo.jp//ms/chuko/fukuoka/sc_fukuokashichuo/nc_21154417/,,
21154723,朝日プラザ博多,3280,41,ＪＲ鹿児島本線,博多,12,2LDK,54.18,福岡県福岡市博多区博多駅前４-33-11,https://suumo.jp//ms/chuko/fukuoka/sc_fukuokashihakata/nc_21154723/,,
21155883,シーサイドももちヴェルデコート　5番館,5999,35,地下鉄空港線,藤崎,12,3LDK,80.88,福岡県福岡市早良区百道浜３-3-5,https://suumo.jp//ms/chuko/fukuoka/sc_fukuokashisawara/nc_21155883/,,
21156825,朝日プラザ浄水,4199,45,地下鉄七隈線,薬院大通,4,3LDK,74.88,福岡県福岡市中央区薬院４,https://suumo.jp//ms/chuko/fukuoka/sc_fukuokashichuo/nc_21156825/,,
21159531,◆☆サーパス大博通り☆◆,3499,36,地下鉄空港線,中洲川端,15,1LDK,49.39,福岡県福岡市博多区大博町,https://suumo.jp//ms/chuko/fukuoka/sc_fukuokashihakata/nc_21159531/,,
21165863,日商岩井新福陵マンション3号棟,2280,48,地下鉄空港線,藤崎,14,4LDK,92.26,福岡県福岡市早良区荒江３,https://suumo.jp//ms/chuko/fukuoka/sc_fukuokashisawara/nc_21165863/,,
21166776,トーカンマンション今泉,3720,46,地下鉄七隈線,天神南,7,3LDK,78.26,福岡県福岡市中央区今泉１,https://suumo.jp//ms/chuko/fukuoka/sc_fukuokashichuo/nc_21166776/,,
21168976,ロイヤルマンション別府,5280,40,地下鉄七隈線,別府,4,3LDK,81.0,福岡県福岡市城南区別府３,https://suumo.jp//ms/chuko/fukuoka/sc_fukuokashijonan/nc_21168976/,,
21172212,朝日プラザ天神,4600,40,地下鉄空港線,天神,7,2LDK,59.08,福岡県福岡市中央区舞鶴１,https://suumo.jp//ms/chuko/fukuoka/sc_fukuokashichuo/nc_21172212/,,
21174285,サヴォイ　ザ・セントラルガーデン,1850,19,地下鉄七隈線,渡辺通,10,1K,24.63,福岡県福岡市博多区住吉３,https://suumo.jp//ms/chuko/fukuoka/sc_fukuokashihakata/nc_21174285/,,
21174313,エクセレンス谷,2080,47,地下鉄七隈線,六本松,6,3LDK,66.68,福岡県福岡市中央区谷１,https://suumo.jp//ms/chuko/fukuoka/sc_fukuokashichuo/nc_21174313/,,
21174631,グランドメゾ薬院レジデンス,20000,9,地下鉄七隈線,薬院大通,5,4LDK,105.5,福岡県福岡市中央区薬院２,https://suumo.jp//ms/chuko/fukuoka/sc_fukuokashichuo/nc_21174631/,,
21175402,サークコート大濠公園駅,12000,25,地下鉄空港線,大濠公園,3,4LDK,100.78,福岡県福岡市中央区荒戸２,https://suumo.jp//ms/chuko/fukuoka/sc_fukuokashichuo/nc_21175402/,,
21175478,グランドメゾン福岡　Ｔｈｅ　Ｃｅｎｔｒａｌ　Ｌｕｘｅ,10980,1,西鉄天神大牟田線,薬院,2,1LDK,69.72,福岡県福岡市中央区渡辺通２,https://suumo.jp//ms/chuko/fukuoka/sc_fukuokashichuo/nc_21175478/,,
21175479,ザ・パークハウス福岡タワーズ　ＥＡＳＴ,9480,6,地下鉄空港線,唐人町,12,2LDK,77.32,福岡県福岡市中央区地行浜２,https://suumo.jp//ms/chuko/fukuoka/sc_fukuokashichuo/nc_21175479/,,
21176444,オープンレジデンシア博多駅南,3600,2,ＪＲ鹿児島本線,博多,11,1LDK,34.7,福岡県福岡市博多区博多駅南２,https://suumo.jp//ms/chuko/fukuoka/sc_fukuokashihakata/nc_21176444/,,
21179636,ラ・ミリオーレ室見河畔,4399,21,地下鉄空港線,藤崎,15,1LDK+S（納戸）,54.79,福岡県福岡市早良区室見５,https://suumo.jp//ms/chuko/fukuoka/sc_fukuokashisawara/nc_21179636/,,
21181989,ダイアパレスグランデージ博多駅前,5180,28,地下鉄七隈線,博多,9,3LDK,64.64,福岡県福岡市博多区博多駅前４-23-12,https://suumo.jp//ms/chuko/fukuoka/sc_fukuokashihakata/nc_21181989/,,
21182813,ネクサス百道　Ｓ棟,5780,37,地下鉄空港線,藤崎,10,3LDK,89.1,福岡県福岡市早良区百道浜４,https://suumo.jp//ms/chuko/fukuoka/sc_fukuokashisawara/nc_21182813/,,
21182830,グランアルト天神タワー,6480,22,地下鉄空港線,天神,9,1LDK,55.68,福岡県福岡市中央区今泉２,https://suumo.jp//ms/chuko/fukuoka/sc_fukuokashichuo/nc_21182830/,,
21184931,赤坂エクセル,3980,52,地下鉄空港線,赤坂,12,3LDK,99.0,福岡県福岡市中央区赤坂３,https://suumo.jp//ms/chuko/fukuoka/sc_fukuokashichuo/nc_21184931/,,
21184932,ザ・パークハウス福岡タワーズWEST,8820,7,地下鉄空港線,唐人町,12,2LDK,61.74,福岡県福岡市中央区地行浜２,https://suumo.jp//ms/chuko/fukuoka/sc_fukuokashichuo/nc_21184932/,,
21185449,三井薬院ハイツ,5500,44,地下鉄七隈線,薬院大通,6,4LDK,98.7,福岡県福岡市中央区薬院２,https://suumo.jp//ms/chuko/fukuoka/sc_fukuokashichuo/nc_21185449/,,
21186021,クリオラベルヴィ呉服町ウエスト,3280,6,地下鉄空港線,中洲川端,11,1LDK,34.4,福岡県福岡市博多区下呉服町,https://suumo.jp//ms/chuko/fukuoka/sc_fukuokashihakata/nc_21186021/,,
21187880,コアマンション神屋町,5480,30,地下鉄空港線,中洲川端,10,3LDK,71.85,福岡県福岡市博多区神屋町,https://suumo.jp//ms/chuko/fukuoka/sc_fukuokashihakata/nc_21187880/,,
21187898,アーバンパレス大濠,4570,34,地下鉄空港線,大濠公園,4,2DK,53.88,福岡県福岡市中央区荒戸２,https://suumo.jp//ms/chuko/fukuoka/sc_fukuokashichuo/nc_21187898/,,
21187907,グランドメゾン浄水ガーデンシティセントラルフォレスト…,9190,4,地下鉄七隈線,薬院大通,9,2LDK,65.42,福岡県福岡市中央区薬院４,https://suumo.jp//ms/chuko/fukuoka/sc_fukuokashichuo/nc_21187907/,,
21187914,ダイナコート赤坂南,2998,38,地下鉄七隈線,桜坂,6,3LDK,63.27,福岡県福岡市中央区桜坂２,https://suumo.jp//ms/chuko/fukuoka/sc_fukuokashichuo/nc_21187914/,,
21187917,ロータリープラザ博多駅東,1690,41,地下鉄空港線,東比恵,8,4K,56.0,福岡県福岡市博多区比恵町,https://suumo.jp//ms/chuko/fukuoka/sc_fukuokashihakata/nc_21187917/,,
21187986,シーサイドももちクリスタージュ壱番館,7499,34,地下鉄空港線,藤崎,11,4LDK,107.81,福岡県福岡市早良区百道浜４,https://suumo.jp//ms/chuko/fukuoka/sc_fukuokashisawara/nc_21187986/,,
21187995,デュオヴェール平尾,3200,3,地下鉄七隈線,薬院,14,1LDK,34.1,福岡県福岡市中央区平尾２,https://suumo.jp//ms/chuko/fukuoka/sc_fukuokashichuo/nc_21187995/,,
21187998,モントーレ舞鶴ベイレジデンス,6500,7,地下鉄空港線,大濠公園,10,3LDK,76.25,福岡県福岡市中央区港１,https://suumo.jp//ms/chuko/fukuoka/sc_fukuokashichuo/nc_21187998/,,
21187999,アダージュ薬院弐番館,9980,23,地下鉄七隈線,薬院大通,2,4LDK,93.88,福岡県福岡市中央区薬院２,https://suumo.jp//ms/chuko/fukuoka/sc_fukuokashichuo/nc_21187999/,,
21188006,ファーネスト西新南,5299,26,地下鉄空港線,藤崎,15,4LDK,77.96,福岡県福岡市早良区昭代２,https://suumo.jp//ms/chuko/fukuoka/sc_fukuokashisawara/nc_21188006/,,
21188010,インプレスト天神オークタワー,6280,6,地下鉄空港線,赤坂,8,2LDK,61.28,福岡県福岡市中央区長浜２,https://suumo.jp//ms/chuko/fukuoka/sc_fukuokashichuo/nc_21188010/,,
21188017,ネオヒューマインド別府駅前,6700,17,地下鉄七隈線,別府,3,2LDK,79.56,福岡県福岡市城南区別府２,https://suumo.jp//ms/chuko/fukuoka/sc_fukuokashijonan/nc_21188017/,,
21188027,西公園ツインタワー,4798,36,地下鉄空港線,大濠公園,8,3LDK,83.05,福岡県福岡市中央区荒戸２,https://suumo.jp//ms/chuko/fukuoka/sc_fukuokashichuo/nc_21188027/,,
21188028,グランドメゾン浄水ガーデンシティフォレストゲートII…,20900,8,地下鉄七隈線,薬院大通,5,4LDK,102.78,福岡県福岡市中央区薬院４,https://suumo.jp//ms/chuko/fukuoka/sc_fukuokashichuo/nc_21188028/,,
21188029,モントーレセントラルベイコート,7480,12,地下鉄空港線,大濠公園,11,3LDK,68.07,福岡県福岡市中央区長浜３,https://suumo.jp//ms/chuko/fukuoka/sc_fukuokashichuo/nc_21188029/,,
21188030,ライオンズマンション六本松第２,1480,38,地下鉄七隈線,桜坂,6,2DK,44.96,福岡県福岡市中央区六本松３,https://suumo.jp//ms/chuko/fukuoka/sc_fukuokashichuo/nc_21188030/,,
21188031,クリオ渡辺通サザンマークス,5980,2,地下鉄七隈線,渡辺通,15,3LDK,67.0,福岡県福岡市中央区清川３,https://suumo.jp//ms/chuko/fukuoka/sc_fukuokashichuo/nc_21188031/,,
21191053,クリオラベルヴィ呉服町ウエスト,3130,6,地下鉄空港線,中洲川端,14,1LDK,34.4,福岡県福岡市博多区下呉服町4-22,https://suumo.jp//ms/chuko/fukuoka/sc_fukuokashihakata/nc_21191053/,,
21193526,ドミール鳥飼,1500,52,地下鉄空港線,西新,7,1LDK,54.96,福岡県福岡市中央区鳥飼３,https://suumo.jp//ms/chuko/fukuoka/sc_fukuokashichuo/nc_21193526/,,
21193978,オープンレジデンシア大濠西,3850,2,地下鉄空港線,唐人町,8,1LDK,34.11,福岡県福岡市中央区今川２,https://suumo.jp//ms/chuko/fukuoka/sc_fukuokashichuo/nc_21193978/,,
21194212,ＭＪＲ博多ザ・レジデンス,5780,1,ＪＲ鹿児島本線,博多,13,1LDK,52.78,福岡県福岡市博多区美野島１,https://suumo.jp//ms/chuko/fukuoka/sc_fukuokashihakata/nc_21194212/,,
21195846,モントーレ西公園アヴァンティ,6990,13,地下鉄空港線,大濠公園,7,4LDK,84.76,福岡県福岡市中央区荒戸２,https://suumo.jp//ms/chuko/fukuoka/sc_fukuokashichuo/nc_21195846/,,
21200951,皐月マンション奈良屋,2180,46,地下鉄空港線,中洲川端,11,2LDK,53.28,福岡県福岡市博多区奈良屋町12-18,https://suumo.jp//ms/chuko/fukuoka/sc_fukuokashihakata/nc_21200951/,,
21202969,藤和西新コープ,1980,49,地下鉄空港線,西新,8,4LDK,84.82,福岡県福岡市早良区城西２-11-25,https://suumo.jp//ms/chuko/fukuoka/sc_fukuokashisawara/nc_21202969/,,
21204216,朝日プラザ浄水,4249,45,地下鉄七隈線,薬院大通,3,3LDK,74.88,福岡県福岡市中央区薬院４,https://suumo.jp//ms/chuko/fukuoka/sc_fukuokashichuo/nc_21204216/,,
21204923,ヴェルドミール今泉,3100,46,地下鉄七隈線,薬院大通,7,2LDK+S（納戸）,74.17,福岡県福岡市中央区今泉２,https://suumo.jp//ms/chuko/fukuoka/sc_fukuokashichuo/nc_21204923/,,
21205135,プレミスト赤坂けやき通り,43000,3,地下鉄空港線,赤坂,10,3LDK,177.04,福岡県福岡市中央区赤坂２,https://suumo.jp//ms/chuko/fukuoka/sc_fukuokashichuo/nc_21205135/,,
21205678,第３３プリンスマンション城南,5380,40,地下鉄七隈線,別府,4,3LDK,85.4,福岡県福岡市城南区別府１,https://suumo.jp//ms/chuko/fukuoka/sc_fukuokashijonan/nc_21205678/,,
21208962,グリーンハイツ輝国,1280,46,地下鉄七隈線,六本松,14,2DK,62.04,福岡県福岡市中央区輝国２,https://suumo.jp//ms/chuko/fukuoka/sc_fukuokashichuo/nc_21208962/,,
21209087,エバーライフすのこ小前,2980,43,地下鉄空港線,大濠公園,8,ワンルーム,45.1,福岡県福岡市中央区港２-1-9,https://suumo.jp//ms/chuko/fukuoka/sc_fukuokashichuo/nc_21209087/,,
21211448,サーパス平尾駅前　6階,7280,26,地下鉄七隈線,薬院大通,15,4LDK,81.97,福岡県福岡市中央区平尾２,https://suumo.jp//ms/chuko/fukuoka/sc_fukuokashichuo/nc_21211448/,,
21212537,JGMロイヤルガーデン御所ケ谷,7800,21,地下鉄七隈線,薬院大通,11,4LDK,96.41,福岡県福岡市中央区御所ヶ谷5-21,https://suumo.jp//ms/chuko/fukuoka/sc_fukuokashichuo/nc_21212537/,,
21213879,シティライフ呉服町,6680,26,地下鉄空港線,中洲川端,13,3LDK,82.82,福岡県福岡市博多区下呉服町,https://suumo.jp//ms/chuko/fukuoka/sc_fukuokashihakata/nc_21213879/,,
21214048,ホワイティ薬院,2400,51,西鉄天神大牟田線,薬院,3,3LDK,65.03,福岡県福岡市中央区薬院１,https://suumo.jp//ms/chuko/fukuoka/sc_fukuokashichuo/nc_21214048/,,
21215024,パークホームズ室見駅前,5980,22,地下鉄空港線,藤崎,13,3LDK,71.47,福岡県福岡市早良区室見５,https://suumo.jp//ms/chuko/fukuoka/sc_fukuokashisawara/nc_21215024/,,
21216421,エステートマンション大濠グランディール,4880,35,地下鉄空港線,唐人町,8,3LDK,68.37,福岡県福岡市中央区今川２-7-52,https://suumo.jp//ms/chuko/fukuoka/sc_fukuokashichuo/nc_21216421/,,
21221592,赤坂パインマンション,3500,45,地下鉄空港線,赤坂,7,2LDK,72.0,福岡県福岡市中央区赤坂１,https://suumo.jp//ms/chuko/fukuoka/sc_fukuokashichuo/nc_21221592/,,
21221610,東峰マンション六本松,4990,37,地下鉄七隈線,六本松,8,2LDK,78.87,福岡県福岡市中央区輝国２,https://suumo.jp//ms/chuko/fukuoka/sc_fukuokashichuo/nc_21221610/,,
21221612,コープ野村平尾山荘,1980,48,地下鉄七隈線,薬院大通,13,3LDK,73.65,福岡県福岡市中央区山荘通３,https://suumo.jp//ms/chuko/fukuoka/sc_fukuokashichuo/nc_21221612/,,
71893185,スワローハイツ山荘通,2180,40,地下鉄七隈線,薬院大通,14,3LDK,79.27,福岡県福岡市中央区平尾４,https://suumo.jp//ms/chuko/fukuoka/sc_fukuokashichuo/nc_71893185/,,
73662868,サングレート薬院駅ロイヤルウィン,5680,23,西鉄天神大牟田線,薬院,4,1LDK,55.72,福岡県福岡市中央区平尾１,https://suumo.jp//ms/chuko/fukuoka/sc_fukuokashichuo/nc_73662868/,,
74279125,ザ・パークハウス桜坂サンリヤン,16500,8,地下鉄七隈線,桜坂,3,4LDK,105.07,福岡県福岡市中央区桜坂３,https://suumo.jp//ms/chuko/fukuoka/sc_fukuokashichuo/nc_74279125/,,
74671558,ティアラ薬院,4580,35,地下鉄七隈線,薬院大通,3,2LDK,87.4,福岡県福岡市中央区薬院２,https://suumo.jp//ms/chuko/fukuoka/sc_fukuokashichuo/nc_74671558/,,
74991725,オーセントスクエア室見アーバンコンフォート,3200,22,地下鉄空港線,藤崎,15,2LDK,60.03,福岡県福岡市早良区室見４,https://suumo.jp//ms/chuko/fukuoka/sc_fukuokashisawara/nc_74991725/,,
75745223,オープンレジデンシア博多住吉,3490,3,地下鉄七隈線,櫛田神社前,8,1LDK,31.13,福岡県福岡市博多区住吉２-7-1,https://suumo.jp//ms/chuko/fukuoka/sc_fukuokashihakata/nc_75745223/,,
75894792,オープンレジデンシア天神今泉,3750,3,地下鉄七隈線,薬院大通,7,1LDK,34.12,福岡県福岡市中央区今泉２,https://suumo.jp//ms/chuko/fukuoka/sc_fukuokashichuo/nc_75894792/,,
75917403,オープンレジデンシア薬院白金,3590,3,地下鉄七隈線,薬院,8,1LDK,33.92,福岡県福岡市中央区白金２-1-24,https://suumo.jp//ms/chuko/fukuoka/sc_fukuokashichuo/nc_75917403/,,
75963392,ライオンズマンション浄水,1880,49,地下鉄七隈線,薬院大通,6,3DK,71.67,福岡県福岡市中央区御所ヶ谷,https://suumo.jp//ms/chuko/fukuoka/sc_fukuokashichuo/nc_75963392/,,
76105420,オープンレジデンシア大濠西,3220,2,地下鉄空港線,唐人町,8,1LDK,34.31,福岡県福岡市中央区今川２,https://suumo.jp//ms/chuko/fukuoka/sc_fukuokashichuo/nc_76105420/,,
76206976,朝日プラザ天神,3180,40,地下鉄空港線,天神,4,ワンルーム,43.65,福岡県福岡市中央区舞鶴１,https://suumo.jp//ms/chuko/fukuoka/sc_fukuokashichuo/nc_76206976/,,
76364232,ブリリアタワー西新,23800,5,地下鉄空港線,西新,1,3LDK,100.08,福岡県福岡市早良区西新４,https://suumo.jp//ms/chuko/fukuoka/sc_fukuokashisawara/nc_76364232/,,
76431436,アーバンパレスアクス大濠Ⅱ,4890,27,地下鉄空港線,唐人町,5,3LDK,74.2,福岡県福岡市中央区荒戸３-3-15,https://suumo.jp//ms/chuko/fukuoka/sc_fukuokashichuo/nc_76431436/,,
76733602,天神スカイマンション,1300,45,地下鉄空港線,天神,10,1LDK,30.26,福岡県福岡市中央区長浜１-2-6,https://suumo.jp//ms/chuko/fukuoka/sc_fukuokashichuo/nc_76733602/,,
76842988,アクタス大手門パークシティ,9980,21,地下鉄空港線,赤坂,7,3LDK,93.92,福岡県福岡市中央区大手門１-２－１８,https://suumo.jp//ms/chuko/fukuoka/sc_fukuokashichuo/nc_76842988/,,
76993707,サングレート平尾山荘,8000,8,地下鉄七隈線,薬院大通,15,2LDK,83.36,福岡県福岡市中央区平尾５,https://suumo.jp//ms/chuko/fukuoka/sc_fukuokashichuo/nc_76993707/,,
77201526,エンゼルハイム大濠公園南,3799,36,地下鉄七隈線,別府,4,3LDK,69.03,福岡県福岡市城南区鳥飼６,https://suumo.jp//ms/chuko/fukuoka/sc_fukuokashijonan/nc_77201526/,,
77251778,トラスト福岡空港駅レジデンス,3790,2,地下鉄空港線,福岡空港,14,3LDK,65.55,福岡県糟屋郡志免町別府北４,https://suumo.jp//ms/chuko/fukuoka/sc_kasuyagunshime/nc_77251778/,,
77341516,グランドメゾン大濠公園ＴＨＥ　ＣＬＡＳＳ,14000,2,地下鉄空港線,大濠公園,4,3LDK,80.07,福岡県福岡市中央区荒戸２,https://suumo.jp//ms/chuko/fukuoka/sc_fukuokashichuo/nc_77341516/,,
77357198,マンションアベニュー,2680,52,地下鉄空港線,西新,4,1LDK,44.57,福岡県福岡市早良区西新５,https://suumo.jp//ms/chuko/fukuoka/sc_fukuokashisawara/nc_77357198/,,
77529888,西公園ハウス,2450,40,地下鉄空港線,大濠公園,14,2LDK,71.7,福岡県福岡市中央区西公園11-10,https://suumo.jp//ms/chuko/fukuoka/sc_fukuokashichuo/nc_77529888/,,
77530800,皐月マンシヨン博多,890,47,地下鉄空港線,博多,6,ワンルーム,23.06,福岡県福岡市博多区博多駅前３,https://suumo.jp//ms/chuko/fukuoka/sc_fukuokashihakata/nc_77530800/,,
77539723,グランドステイツ大濠公園南,8280,22,地下鉄七隈線,六本松,3,3LDK,80.69,福岡県福岡市中央区六本松３,https://suumo.jp//ms/chuko/fukuoka/sc_fukuokashichuo/nc_77539723/,,
77553274,オープンレジデンシア博多住吉,3980,3,地下鉄七隈線,櫛田神社前,6,1LDK,38.65,福岡県福岡市博多区住吉２,https://suumo.jp//ms/chuko/fukuoka/sc_fukuokashihakata/nc_77553274/,,
77583529,グランドメゾン百道プレイス,10820,10,地下鉄空港線,藤崎,3,3LDK,90.65,福岡県福岡市早良区百道２,https://suumo.jp//ms/chuko/fukuoka/sc_fukuokashisawara/nc_77583529/,,
77585206,ロイヤルマンション別府6,3700,32,地下鉄七隈線,別府,6,4LDK,81.19,福岡県福岡市城南区別府６,https://suumo.jp//ms/chuko/fukuoka/sc_fukuokashijonan/nc_77585206/,,
77631768,コアマンション祖原公園,3980,27,地下鉄空港線,西新,15,2LDK,71.8,福岡県福岡市早良区昭代１,https://suumo.jp//ms/chuko/fukuoka/sc_fukuokashisawara/nc_77631768/,,
77794350,ライオンズマンションマキシム桜坂II,4380,28,地下鉄七隈線,桜坂,5,3LDK,85.78,福岡県福岡市中央区谷１,https://suumo.jp//ms/chuko/fukuoka/sc_fukuokashichuo/nc_77794350/,,
77821582,ハイライフ平尾,2690,49,地下鉄七隈線,薬院大通,14,1LDK,57.13,福岡県福岡市中央区平尾４-7-17,https://suumo.jp//ms/chuko/fukuoka/sc_fukuokashichuo/nc_77821582/,,
77889490,アルデ別府,4490,20,地下鉄七隈線,別府,6,4LDK,107.96,福岡県福岡市城南区別府１-16-28,https://suumo.jp//ms/chuko/fukuoka/sc_fukuokashijonan/nc_77889490/,,
77890908,Brillia Tower西新　ブリリアタワー西新,33000,5,地下鉄空港線,西新,1,2LDK,101.82,福岡県福岡市早良区西新４,https://suumo.jp//ms/chuko/fukuoka/sc_fukuokashisawara/nc_77890908/,,
77892861,MJR赤坂タワー,15800,9,地下鉄空港線,赤坂,1,2LDK,69.03,福岡県福岡市中央区赤坂１,https://suumo.jp//ms/chuko/fukuoka/sc_fukuokashichuo/nc_77892861/,,
77951272,コープ野村博多東,2680,46,地下鉄空港線,東比恵,5,2LDK,69.36,福岡県福岡市博多区比恵町4-27,https://suumo.jp//ms/chuko/fukuoka/sc_fukuokashihakata/nc_77951272/,,
78014368,クリスタージュ２番館,4990,34,地下鉄空港線,藤崎,11,4LDK,102.28,福岡県福岡市早良区百道浜４,https://suumo.jp//ms/chuko/fukuoka/sc_fukuokashisawara/nc_78014368/,,
78062008,ホワイティ薬院,2080,51,西鉄天神大牟田線,薬院,3,1LDK,38.81,福岡県福岡市中央区薬院１,https://suumo.jp//ms/chuko/fukuoka/sc_fukuokashichuo/nc_78062008/,,
78077315,ＭＪＲ桜坂ザ・レジデンス,8480,7,地下鉄七隈線,桜坂,1,3LDK,89.39,福岡県福岡市中央区桜坂１,https://suumo.jp//ms/chuko/fukuoka/sc_fukuokashichuo/nc_78077315/,,
78092052,ライオンズマンションマキシム浄水通り,1980,45,地下鉄七隈線,薬院大通,3,ワンルーム,36.55,福岡県福岡市中央区薬院４-18-15,https://suumo.jp//ms/chuko/fukuoka/sc_fukuokashichuo/nc_78092052/,,
78097789,ザ・パークハウス桜坂サンリヤン,8900,8,地下鉄七隈線,桜坂,3,3LDK,75.95,福岡県福岡市中央区桜坂３,https://suumo.jp//ms/chuko/fukuoka/sc_fukuokashichuo/nc_78097789/,,
78105959,Brillia平尾浄水,12500,17,地下鉄七隈線,薬院大通,11,3LDK,127.99,福岡県福岡市中央区平尾浄水町4-7,https://suumo.jp//ms/chuko/fukuoka/sc_fukuokashichuo/nc_78105959/,,
78112179,オープンレジデンシア渡辺通,6490,5,地下鉄七隈線,渡辺通,6,2LDK,66.02,福岡県福岡市中央区清川１,https://suumo.jp//ms/chuko/fukuoka/sc_fukuokashichuo/nc_78112179/,,
78116650,百道タワー,10280,22,地下鉄空港線,西新,13,3LDK,108.68,福岡県福岡市早良区百道浜１,https://suumo.jp//ms/chuko/fukuoka/sc_fukuokashisawara/nc_78116650/,,
78135127,オープンレジデンシア渡辺通南,3800,2,地下鉄七隈線,渡辺通,10,1LDK,38.25,福岡県福岡市中央区清川２,https://suumo.jp//ms/chuko/fukuoka/sc_fukuokashichuo/nc_78135127/,,
78147889,ネオグランデ六本松ヒルズ,4200,27,地下鉄七隈線,六本松,6,3LDK,78.14,福岡県福岡市中央区六本松３-11-12,https://suumo.jp//ms/chuko/fukuoka/sc_fukuokashichuo/nc_78147889/,,
78252151,デュオヴェール平尾,3498,3,西鉄天神大牟田線,薬院,15,1LDK,34.05,福岡県福岡市中央区平尾２,https://suumo.jp//ms/chuko/fukuoka/sc_fukuokashichuo/nc_78252151/,,
78307032,シティマンション大名,4500,39,地下鉄空港線,赤坂,6,3LDK,64.98,福岡県福岡市中央区大名１,https://suumo.jp//ms/chuko/fukuoka/sc_fukuokashichuo/nc_78307032/,,
78333936,オープンレジデンシア博多駅南(未入居),4248,2,ＪＲ鹿児島本線,博多,14,2LDK,41.35,福岡県福岡市博多区博多駅南２-8-34,https://suumo.jp//ms/chuko/fukuoka/sc_fukuokashihakata/nc_78333936/,,
78334003,オープンレジデンシア博多空港通り(未入居),4448,2,ＪＲ篠栗線,博多,12,2LDK,48.97,福岡県福岡市博多区東光２-6-12,https://suumo.jp//ms/chuko/fukuoka/sc_fukuokashihakata/nc_78334003/,,
78348132,オープンレジデンシア博多住吉,3980,3,地下鉄空港線,博多,9,1LDK,38.65,福岡県福岡市博多区住吉２,https://suumo.jp//ms/chuko/fukuoka/sc_fukuokashihakata/nc_78348132/,,
78393758,サニークレスト荒江,1690,44,地下鉄七隈線,別府,14,4LDK,81.47,福岡県福岡市城南区荒江１,https://suumo.jp//ms/chuko/fukuoka/sc_fukuokashijonan/nc_78393758/,,
78475889,サングレート博多ロイヤルステージ,4780,14,地下鉄空港線,東比恵,12,4LDK,91.02,福岡県福岡市博多区半道橋１,https://suumo.jp//ms/chuko/fukuoka/sc_fukuokashihakata/nc_78475889/,,
78515294,日商岩井弥生マンション,1330,47,地下鉄空港線,藤崎,14,4LDK,87.49,福岡県福岡市早良区原１-41 - 1,https://suumo.jp//ms/chuko/fukuoka/sc_fukuokashisawara/nc_78515294/,,
78516843,ミスモ天神,3880,3,地下鉄七隈線,渡辺通,4,1LDK,33.37,福岡県福岡市中央区渡辺通２,https://suumo.jp//ms/chuko/fukuoka/sc_fukuokashichuo/nc_78516843/,,
78517451,朝日プラザ桜坂,3480,40,地下鉄七隈線,桜坂,6,2LDK,67.26,福岡県福岡市中央区桜坂１,https://suumo.jp//ms/chuko/fukuoka/sc_fukuokashichuo/nc_78517451/,,
78533278,星和今泉コーポラス,3690,44,地下鉄七隈線,薬院大通,7,3LDK,88.0,福岡県福岡市中央区今泉２,https://suumo.jp//ms/chuko/fukuoka/sc_fukuokashichuo/nc_78533278/,,
78550441,Ｂｒｉｌｌｉａ　Ｔｏｗｅｒ西新・ＰＲＡＬＩＶＡ,31000,5,地下鉄空港線,西新,1,2LDK,101.13,福岡県福岡市早良区西新４,https://suumo.jp//ms/chuko/fukuoka/sc_fukuokashisawara/nc_78550441/,,
78551396,ミスモ天神,3880,3,地下鉄七隈線,薬院,4,1LDK,33.37,福岡県福岡市中央区渡辺通２,https://suumo.jp//ms/chuko/fukuoka/sc_fukuokashichuo/nc_78551396/,,
78553902,オープンレジデンシア天神今泉,4900,3,地下鉄七隈線,薬院大通,6,2LDK,46.01,福岡県福岡市中央区今泉２,https://suumo.jp//ms/chuko/fukuoka/sc_fukuokashichuo/nc_78553902/,,
78598929,パークコート赤坂ヒルトップレジデンス,9880,16,地下鉄七隈線,桜坂,9,3LDK,88.76,福岡県福岡市中央区赤坂３,https://suumo.jp//ms/chuko/fukuoka/sc_fukuokashichuo/nc_78598929/,,
78635330,ザ・パークハウス福岡タワーズＥＡＳＴ,7680,6,地下鉄空港線,唐人町,12,2LDK,64.28,福岡県福岡市中央区地行浜２,https://suumo.jp//ms/chuko/fukuoka/sc_fukuokashichuo/nc_78635330/,,
78661055,グランドメゾン福岡　Ｔｈｅ　Ｃｅｎｔｒａｌ　Ｌｕｘｅ,9480,1,西鉄天神大牟田線,薬院,2,1LDK,63.29,福岡県福岡市中央区渡辺通２,https://suumo.jp//ms/chuko/fukuoka/sc_fukuokashichuo/nc_78661055/,,
78668157,オープンレジデンシア西新,3400,1,地下鉄空港線,西新,5,1LDK,31.65,福岡県福岡市早良区城西１,https://suumo.jp//ms/chuko/fukuoka/sc_fukuokashisawara/nc_78668157/,,
78708894,ハイツ21,2180,49,地下鉄空港線,西新,6,2LDK,61.83,福岡県福岡市早良区城西１,https://suumo.jp//ms/chuko/fukuoka/sc_fukuokashisawara/nc_78708894/,,
78722109,クリスタージュ２番館,5480,34,地下鉄空港線,藤崎,11,4LDK,102.28,福岡県福岡市早良区百道浜４,https://suumo.jp//ms/chuko/fukuoka/sc_fukuokashisawara/nc_78722109/,,
78773022,ゾンネンハイム大手門,2512,53,地下鉄空港線,大濠公園,7,1LDK,66.0,福岡県福岡市中央区大手門２-5,https://suumo.jp//ms/chuko/fukuoka/sc_fukuokashichuo/nc_78773022/,,
78802367,シャンボール大濠,1780,48,地下鉄空港線,西新,9,3LDK,74.88,福岡県福岡市中央区鳥飼３,https://suumo.jp//ms/chuko/fukuoka/sc_fukuokashichuo/nc_78802367/,,
78823570,グランド・サンリヤン西新,8200,2,地下鉄空港線,西新,5,3LDK,68.73,福岡県福岡市早良区城西１,https://suumo.jp//ms/chuko/fukuoka/sc_fukuokashisawara/nc_78823570/,,
78829131,デュオヴェール西新,4580,5,地下鉄空港線,西新,6,2LDK,43.5,福岡県福岡市早良区祖原,https://suumo.jp//ms/chuko/fukuoka/sc_fukuokashisawara/nc_78829131/,,
78841624,ブランシエラ赤坂はなみずき通り,9390,6,地下鉄七隈線,桜坂,6,3LDK,77.39,福岡県福岡市中央区桜坂１,https://suumo.jp//ms/chuko/fukuoka/sc_fukuokashichuo/nc_78841624/,,
78866599,プレサンスロジェ呉服町,6300,7,地下鉄空港線,中洲川端,10,2LDK,62.43,福岡県福岡市博多区下呉服町,https://suumo.jp//ms/chuko/fukuoka/sc_fukuokashihakata/nc_78866599/,,
78879298,ザ・パークハウス桜坂サンリヤン,19800,8,地下鉄七隈線,桜坂,3,2LDK+S（納戸）,105.07,福岡県福岡市中央区桜坂３,https://suumo.jp//ms/chuko/fukuoka/sc_fukuokashichuo/nc_78879298/,,
78888074,藤和別府コープ,2699,43,地下鉄七隈線,別府,5,3LDK,62.16,福岡県福岡市城南区別府５-2-5,https://suumo.jp//ms/chuko/fukuoka/sc_fukuokashijonan/nc_78888074/,,
78896616,アンピール百年橋,3280,31,地下鉄七隈線,渡辺通,15,2LDK,65.12,福岡県福岡市中央区清川３,https://suumo.jp//ms/chuko/fukuoka/sc_fukuokashichuo/nc_78896616/,,
78946460,大濠パークハウス,15000,37,地下鉄空港線,唐人町,9,2LDK+S（納戸）,179.25,福岡県福岡市中央区大濠１,https://suumo.jp//ms/chuko/fukuoka/sc_fukuokashichuo/nc_78946460/,,
78957814,インプレスト天神オークタワー,5990,6,地下鉄空港線,赤坂,9,2LDK,56.79,福岡県福岡市中央区長浜２,https://suumo.jp//ms/chuko/fukuoka/sc_fukuokashichuo/nc_78957814/,,
78982914,アクロス天神センタープラザ,6880,21,地下鉄七隈線,渡辺通,6,2LDK,71.11,福岡県福岡市中央区渡辺通３,https://suumo.jp//ms/chuko/fukuoka/sc_fukuokashichuo/nc_78982914/,,
78996474,ゾンネンハイム大手門,2522,53,地下鉄空港線,大濠公園,7,1LDK,66.0,福岡県福岡市中央区大手門２,https://suumo.jp//ms/chuko/fukuoka/sc_fukuokashichuo/nc_78996474/,,
78996625,ルッシュ・西公園,14000,36,地下鉄空港線,唐人町,13,4LDK,131.05,福岡県福岡市中央区荒戸３-5-46,https://suumo.jp//ms/chuko/fukuoka/sc_fukuokashichuo/nc_78996625/,,
79013671,サンシティ鳥飼,3899,32,地下鉄七隈線,別府,11,3LDK,68.48,福岡県福岡市城南区鳥飼４-9-3,https://suumo.jp//ms/chuko/fukuoka/sc_fukuokashijonan/nc_79013671/,,
79015072,アンピール空港通りⅡ,7380,17,地下鉄空港線,東比恵,12,4LDK,105.28,福岡県福岡市博多区豊２,https://suumo.jp//ms/chuko/fukuoka/sc_fukuokashihakata/nc_79015072/,,
79039453,シャンボール舞鶴,3480,47,地下鉄空港線,赤坂,3,1LDK+S（納戸）,56.7,福岡県福岡市中央区舞鶴２,https://suumo.jp//ms/chuko/fukuoka/sc_fukuokashichuo/nc_79039453/,,
79060704,ビレッタ百道,2680,51,地下鉄空港線,藤崎,11,2LDK,55.39,福岡県福岡市早良区百道１,https://suumo.jp//ms/chuko/fukuoka/sc_fukuokashisawara/nc_79060704/,,
79062235,赤坂エクセル,3399,52,地下鉄空港線,赤坂,13,2LDK,79.5,福岡県福岡市中央区赤坂３,https://suumo.jp//ms/chuko/fukuoka/sc_fukuokashichuo/nc_79062235/,,
79074334,グランドメゾン浄水ガーデンシティフォレストゲートⅢ,12500,8,地下鉄七隈線,薬院大通,5,3LDK,83.15,福岡県福岡市中央区薬院４,https://suumo.jp//ms/chuko/fukuoka/sc_fukuokashichuo/nc_79074334/,,
79081279,フリーディア藤崎レジデンス,10300,7,地下鉄空港線,藤崎,4,3LDK,97.45,福岡県福岡市早良区藤崎１,https://suumo.jp//ms/chuko/fukuoka/sc_fukuokashisawara/nc_79081279/,,
79094486,グランドメゾン大濠ブルクレール,9280,20,地下鉄七隈線,六本松,9,3LDK,85.42,福岡県福岡市中央区草香江２,https://suumo.jp//ms/chuko/fukuoka/sc_fukuokashichuo/nc_79094486/,,
79098275,百道タワー,8980,22,地下鉄空港線,西新,10,2LDK,81.73,福岡県福岡市早良区百道浜１,https://suumo.jp//ms/chuko/fukuoka/sc_fukuokashisawara/nc_79098275/,,
79102216,グランドメゾン福岡　The Central Luxe…,12660,1,西鉄天神大牟田線,薬院,2,1LDK,69.72,福岡県福岡市中央区渡辺通２-7-23,https://suumo.jp//ms/chuko/fukuoka/sc_fukuokashichuo/nc_79102216/,,
79111834,ブラントン薬院,4350,3,西鉄天神大牟田線,薬院,3,1LDK,34.31,福岡県福岡市中央区薬院３,https://suumo.jp//ms/chuko/fukuoka/sc_fukuokashichuo/nc_79111834/,,
79112729,アートウィル赤坂,4280,32,地下鉄七隈線,桜坂,9,3LDK,65.61,福岡県福岡市中央区赤坂３,https://suumo.jp//ms/chuko/fukuoka/sc_fukuokashichuo/nc_79112729/,,
79124599,オープンレジデンシア室見,3250,1,地下鉄空港線,藤崎,15,1LDK,33.64,福岡県福岡市西区愛宕２,https://suumo.jp//ms/chuko/fukuoka/sc_fukuokashinishi/nc_79124599/,,
79140656,パソナ―ル博多,1475,53,地下鉄空港線,中洲川端,13,1LDK,38.57,福岡県福岡市博多区神屋町,https://suumo.jp//ms/chuko/fukuoka/sc_fukuokashihakata/nc_79140656/,,
79150933,ブライトパークサンリヤン地行Ⅲ番館,12000,14,地下鉄空港線,西新,8,4LDK,88.39,福岡県福岡市中央区地行３,https://suumo.jp//ms/chuko/fukuoka/sc_fukuokashichuo/nc_79150933/,,
79152708,グランアーキ大濠一丁目 ザ・レジデンス,19100,6,地下鉄空港線,大濠公園,15,2LDK,83.09,福岡県福岡市中央区大濠１,https://suumo.jp//ms/chuko/fukuoka/sc_fukuokashichuo/nc_79152708/,,
79172337,ライオンズマンション天神,1820,47,地下鉄空港線,赤坂,6,1LDK,43.5,福岡県福岡市中央区舞鶴１,https://suumo.jp//ms/chuko/fukuoka/sc_fukuokashichuo/nc_79172337/,,
79187041,コアマンション桜坂プレジオ弐番館,7500,25,地下鉄七隈線,桜坂,4,4LDK,107.92,福岡県福岡市中央区六本松３,https://suumo.jp//ms/chuko/fukuoka/sc_fukuokashichuo/nc_79187041/,,
79200862,MJR赤坂タワー,12500,9,地下鉄空港線,赤坂,1,2LDK,64.8,福岡県福岡市中央区赤坂１,https://suumo.jp//ms/chuko/fukuoka/sc_fukuokashichuo/nc_79200862/,,
79216752,グランドメゾン大濠南,6980,25,地下鉄七隈線,六本松,3,3LDK,87.11,福岡県福岡市中央区草香江２,https://suumo.jp//ms/chuko/fukuoka/sc_fukuokashichuo/nc_79216752/,,
79220468,ブリリアタワー西新,16800,5,地下鉄空港線,西新,1,2LDK,79.93,福岡県福岡市早良区西新４,https://suumo.jp//ms/chuko/fukuoka/sc_fukuokashisawara/nc_79220468/,,
